Date,Close,High,Low,Open,Volume
,NTPC.NS,NTPC.NS,NTPC.NS,NTPC.NS,NTPC.NS
2021-02-08,81.08586120605469,81.61133790866174,77.69043769772931,77.77127979291066,53737961
2021-02-09,80.80290985107422,81.81345152588933,80.43911731528354,81.16670855472181,28074809
2021-02-10,80.72205352783203,81.24753633971979,79.75193615808219,80.84331974101472,19070866
2021-02-11,81.09712982177734,81.59721361029258,80.22197842269291,81.59721361029258,18452535
2021-02-12,79.97195434570312,81.59723503373479,79.0134628156086,81.51388877358467,21660998
2021-02-15,79.34683227539062,80.59704500888256,79.18013978782268,80.38867621996724,12574055
2021-02-16,81.68057250976562,82.63907029569312,79.59688443553692,79.88859949414666,32865663
2021-02-17,82.80574798583984,83.47253059388403,80.8470828182116,81.55553536493966,28774857
2021-02-18,86.18133544921875,86.88978808508472,82.97245725694746,83.09747344763892,50705280
2021-02-19,86.84809875488281,88.97346270258349,84.51437240098076,86.38969128698369,61069583
2021-02-22,85.05614471435547,88.59841423151238,84.5143845752434,86.93146387049737,30636415
2021-02-23,86.18133544921875,86.80644183832008,83.80593244241591,85.13949146738321,31233104
2021-02-24,86.01463317871094,87.26484590723238,85.0978117829107,87.09815342032717,16153025
2021-02-25,90.01531982421875,91.84896268448102,85.84794390643084,86.3480277447832,68361756
2021-02-26,89.43187713623047,92.47405604037202,87.34818947097729,89.26517830766414,67331805
2021-03-01,90.390380859375,91.51557744114619,89.30686693914002,91.26553234321682,27205189
2021-03-02,93.80762481689453,94.76611609239913,89.93196433968389,90.39037182820557,53649872
2021-03-03,93.9326400756836,95.59959025526209,93.34921005639524,95.39122148281477,31702057
2021-03-04,92.34905242919922,94.18269528047595,92.09900733179286,92.9324825112661,28057179
2021-03-05,90.5987548828125,93.64094074158903,90.34871612936527,92.51575045379809,24778407
2021-03-08,92.14068603515625,94.43274283842968,91.26553453034194,92.22403228349306,28163362
2021-03-09,91.26551818847656,93.22418328877602,89.55689178841597,92.84912205896272,20611697
2021-03-10,91.39054870605469,92.18234753105006,90.80711230334866,91.97397874985016,13207045
2021-03-12,90.93213653564453,93.43256195656369,90.51539896549134,92.5157405740088,21763020
2021-03-15,92.09899139404297,92.51572891166307,89.76525875180643,91.6405775810969,20350674
2021-03-16,91.30720520019531,92.89080289761806,91.09883641275435,92.14068034995918,15360040
2021-03-17,88.8067855834961,91.59892624680322,88.47339422991215,91.43222739055567,18850429
2021-03-18,86.51473236083984,90.22369463121434,86.01464213025824,89.5152419497723,20023557
2021-03-19,90.43204498291016,91.30719634888948,85.01445703462522,85.30617203698161,72249183
2021-03-22,91.55724334716797,92.14067976363653,89.05681791378746,90.68209826083121,31980425
2021-03-23,90.55707550048828,91.84895815596096,90.09866162856885,91.68226567103245,14060206
2021-03-24,88.34835815429688,91.18217468763183,88.0149668517439,90.01530830815153,15196366
2021-03-25,85.84793853759766,88.7651014976131,85.55622351337823,88.34836393189661,22543755
2021-03-26,86.84809875488281,88.13998764213775,86.43136122465994,88.13998764213775,17402475
2021-03-30,89.7652816772461,90.59875692535019,87.18150967990572,88.22335374003583,36129962
2021-03-31,88.8067855834961,90.84879729096713,88.43171792612247,89.76527698154709,23063667
2021-04-01,89.93196868896484,90.64042128469528,89.14016349228088,89.59857736188269,13753303
2021-04-05,88.5984115600586,89.84862429312295,86.47304737028486,89.5152329591903,15666099
2021-04-06,88.3900375366211,90.0986576886088,88.18166876011695,89.80694267328509,17393454
2021-04-07,87.88995361328125,89.47355769870029,87.7232611238312,89.09849641798222,15692013
2021-04-08,87.51488494873047,88.72342129255357,87.26483987674139,88.34836004348028,11394998
2021-04-09,85.6812515258789,88.30669327040661,85.34786018023556,88.30669327040661,19751417
2021-04-12,82.55571746826172,84.59772907477823,81.72224230496342,84.59772907477823,20221362
2021-04-13,83.84759521484375,84.30600907120758,82.72240508248126,83.01412010066257,19192856
2021-04-15,84.47270965576172,85.84794499789862,82.76408932309194,84.34768710485635,13865351
2021-04-16,85.3895263671875,85.76459399912582,83.76425237218697,84.93111885114386,14654851
2021-04-19,82.55571746826172,83.68090766693227,82.22232613116023,83.34751632983077,11652043
2021-04-20,82.55571746826172,84.09764524858141,81.80558854951107,82.68073365562779,16528675
2021-04-22,82.47236633300781,83.13914901908112,80.8887685816779,81.72224375981405,18614270
2021-04-23,85.47288513183594,85.847946431906,81.68057039152221,81.68057039152221,29484794
2021-04-26,85.34784698486328,86.63972950599457,84.05595810482197,86.63972950599457,24369413
2021-04-27,85.05614471435547,86.30635748511673,84.76442331404905,85.05614471435547,17763436
2021-04-28,86.3480224609375,86.6397374855497,85.1394860622967,85.7229161115211,15160578
2021-04-29,85.88961029052734,87.51488416721145,85.55621898382257,87.18149286050668,11588556
2021-04-30,85.3895263671875,88.0566506560762,85.0561413951233,85.2228338811554,15321193
2021-05-03,86.88978576660156,87.18150080194947,84.22266778783377,84.51438282318168,12186212
2021-05-04,86.47303009033203,88.39002510818753,86.2646613431264,86.9314438777482,12992684
2021-05-05,86.59806823730469,88.05664973094919,85.68124685593884,87.30652083386417,14956169
2021-05-06,85.88961029052734,87.59823040416006,85.55621898382257,87.51488416721145,13547274
2021-05-07,87.55657958984375,87.93164091749114,86.13966781658458,86.68142801345097,13229291
2021-05-10,89.7652816772461,90.01532679524192,88.01498492800981,88.34837629903375,23980945
2021-05-11,93.9326400756836,94.51607645388223,88.93178953694813,90.01530969723827,45613487
2021-05-12,94.43273162841797,97.30821818761414,93.14084267636728,95.1828541333141,62158914
2021-05-14,92.84912109375,94.97447863878122,91.80727728964354,94.97447863878122,16227312
2021-05-17,92.97415161132812,93.55758164819812,91.64058634035014,92.68243023398264,12832920
2021-05-18,93.43255615234375,95.18285256647306,93.14084114314058,93.84929369660836,14892142
2021-05-19,93.30754089355469,94.3077148931311,92.47406574002973,94.3077148931311,12610425
2021-05-20,93.1408462524414,93.97432138669144,92.432393660111,93.34921503600391,10303689
2021-05-21,94.05766296386719,94.30770803530632,92.72410408698254,93.5992554781092,12171685
2021-05-24,94.0993423461914,94.9744874070907,93.39088976577469,93.64092848649855,11341268
2021-05-25,94.43273162841797,95.72461422155827,94.22436285285562,94.93281541798551,15289982
2021-05-26,92.59908294677734,95.01616202444443,92.432390469246,95.01616202444443,17466748
2021-05-27,91.93231201171875,93.05750219761572,91.09883685788235,93.01582589635959,34169451
2021-05-28,90.80711364746094,92.51574022215509,90.30702983696115,91.93231016972378,13383166
2021-05-31,92.09899139404297,92.80744390221517,89.84861134245836,90.8071025458567,14754293
2021-06-01,91.84896087646484,92.89080483540347,91.26553080302357,92.47406725182802,10271211
2021-06-02,92.6407699584961,92.8074624553036,91.72394850823257,91.76561845297887,6492771
2021-06-03,93.1825180053711,93.51590295567328,92.05732154191512,93.01581917130969,12140851
2021-06-04,93.1408462524414,94.18269017025395,92.55741620203064,92.9324774688789,8930671
2021-06-07,97.0165023803711,97.30821739199114,93.34921068867672,93.47423322477398,28407410
2021-06-08,96.84981536865234,98.76681086572883,96.68312287278096,97.93333566854967,43191813
2021-06-09,98.43341064453125,100.85048977031258,96.51642167911956,97.09985172100343,49807823
2021-06-10,98.76679992675781,99.9336663453539,97.76663234448138,99.47525249411281,22144392
2021-06-11,99.016845703125,99.64195203620304,97.97500181466161,99.10019194241998,13871562
2021-06-14,98.51676177978516,99.10019820956775,96.89148775456327,99.0168519650019,14179055
2021-06-15,98.1833724975586,99.14186380641564,98.01667365682347,98.5167574612077,8148417
2021-06-16,99.85032653808594,100.517102849581,97.39157100501124,98.18337622098207,21585917
2021-06-17,97.84999084472656,100.51710897095273,97.47492318519053,98.5167671968275,14466025
2021-06-18,94.64109802246094,98.47508212454878,94.09933794784945,97.84997581359173,43927941
2021-06-21,98.35006713867188,98.72512841046692,94.2243677132834,94.3910601987677,34597018
2021-06-22,98.60010528564453,99.10018906580879,97.47490883163712,98.76679775939586,16712010
2021-06-23,97.7249755859375,99.05853474859013,97.47493046091627,99.05853474859013,12590251
2021-06-24,98.35006713867188,98.76680471129336,96.43307176104872,97.6832844789132,14046692
2021-06-25,96.72477722167969,99.26687218072642,96.43305588175281,99.26687218072642,12768348
2021-06-28,96.80814361572266,98.22504888089436,96.68312106669903,97.43325000192976,10709748
2021-06-29,98.01667022705078,98.80847538528722,96.1830275555007,96.89148011683095,33488455
2021-06-30,97.0165023803711,98.72512251066586,96.80813360651244,98.22503872518715,16739618
2021-07-01,97.80831146240234,98.18337911013397,96.43307613854171,97.34990392705613,12479506
2021-07-02,97.9333267211914,99.2252157023543,97.5165891606757,97.97500302080718,17215972
2021-07-05,98.85014343261719,99.2668809735295,97.72495334393601,98.26671341890406,16409169
2021-07-06,98.05834197998047,99.1418557415206,97.55825821627656,98.43340321303089,14979094
2021-07-07,97.89166259765625,98.51676901618256,97.39157873461747,97.55827759490461,14545289
2021-07-08,97.89166259765625,98.93350662853344,97.6832937914808,97.80831634696834,12037089
2021-07-09,98.1833724975586,98.68345630194284,96.89148350723129,97.51658985243922,9585144
2021-07-12,98.22503662109375,98.97516546269834,97.6416066103514,98.35005915451289,7651672
2021-07-13,99.93368530273438,101.68398208320392,98.43342728581098,98.47510359252448,30663035
2021-07-14,100.64212799072266,100.80882048316775,99.85032911324203,99.97534530312035,9539611
2021-07-15,100.26705932617188,101.01718184589589,99.35023160844605,100.64212058603388,11278872
2021-07-16,99.26689147949219,100.68380308389973,98.60011515881001,100.14204295159423,17198632
2021-07-19,101.18388366699219,101.55894493790768,98.76680447967372,99.26688829386462,14364285
2021-07-20,98.72512817382812,101.68396747591281,98.51675938801682,101.68396747591281,11360716
2021-07-22,99.3502426147461,99.76698022027591,98.80848881468629,98.97518131333374,9520328
2021-07-23,98.76679992675781,100.10035882276317,98.60010744934854,99.51692879292033,10442400
2021-07-26,99.47525024414062,100.0170103218326,98.39173644766693,98.51675262344101,5370055
2021-07-27,99.05850982666016,99.68361612303232,98.51674976468894,99.4335774198295,5280342
2021-07-28,97.34989166259766,99.64194812730094,96.51641658452374,99.64194812730094,11010096
2021-07-29,97.3082275390625,98.55844031258366,96.05801476554136,98.10002641872816,11897018
2021-07-30,98.51676177978516,99.97534331587535,96.89148775456327,97.47491782543501,14546264
2021-08-02,98.1417007446289,98.9751759101884,97.5165943704593,98.8501533635723,11742555
2021-08-03,98.05834197998047,98.76679450847018,97.09984439018376,98.76679450847018,21122697
2021-08-04,98.22503662109375,99.05851169867437,97.14152283558506,98.391735451956,9432176
2021-08-05,97.09984588623047,98.18336602337479,96.64143205307475,97.55825971938617,11045322
2021-08-06,98.05834197998047,98.9334869767348,97.05816809366259,97.09984439018376,8434733
2021-08-09,97.26654815673828,99.26688980281972,97.14153197047321,98.76680598102706,7816050
2021-08-10,95.30789184570312,97.6832949935521,94.72446172479685,97.43325623841143,9774255
2021-08-11,97.47490692138672,97.76662828309998,95.47457183993097,95.59958801333934,8056886
2021-08-12,99.30855560302734,99.51692436998339,97.09984540151137,97.47490663846818,8640167
2021-08-13,98.55844116210938,99.55860884598285,97.68328966953679,99.55860884598285,9744939
2021-08-16,99.05850982666016,99.51692365423044,98.43340353028799,98.55842606134445,8768804
2021-08-17,97.84999084472656,99.60028751249443,96.84981677820835,99.47526495931575,8758578
2021-08-18,97.14153289794922,99.10019826136914,96.7664652588406,97.84998551549546,9357721
2021-08-20,95.14118957519531,97.51659247918826,94.55775315527254,96.93316241817622,11684504
2021-08-23,94.51606750488281,96.47473250865455,93.51589367648832,96.26636375593607,6271685
2021-08-24,94.97447967529297,96.93315113551719,94.72444097492456,95.1828484383883,11791078
2021-08-25,95.01616668701172,96.05801061998334,94.84947420130055,95.59959674591154,9491958
2021-08-26,93.97431945800781,95.43290091301014,93.30753682072826,95.09950959437037,11668986
2021-08-27,94.51606750488281,95.09949746893066,93.43254744718286,93.93263118192526,8095717
2021-08-30,95.80796813964844,96.26638202619468,94.39106289581426,94.39106289581426,9915170
2021-08-31,96.64143371582031,96.97482502213236,95.59958985791405,96.05800369895691,11386659
2021-09-01,96.18302154541016,97.26653528947247,95.64126149392402,96.68310530104738,7508413
2021-09-02,97.09984588623047,97.26653835706337,95.84963327825325,95.9329795136697,5700524
2021-09-03,97.51659393310547,98.2667228505269,97.09985635219476,97.51659393310547,9364904
2021-09-06,97.05817413330078,98.05834808185648,96.59976663759272,98.05834808185648,7005043
2021-09-07,96.55809783935547,97.43324931746189,96.05801400568507,97.26655046696445,7723357
2021-09-08,97.71472930908203,98.18594940885768,96.3010559364679,97.54337119736432,10508654
2021-09-09,98.14311981201172,98.31447139586547,97.24350765516976,97.62905198716264,5757417
2021-09-13,98.5286636352539,98.95704912932023,97.80040960266993,98.22879509673625,6322443
2021-09-14,99.29975891113281,99.51395165833688,98.35731213076372,98.74285646107347,7369292
2021-09-15,106.41095733642578,106.9678598029189,99.38543763547244,99.38543763547244,48721413
2021-09-16,106.23961639404297,107.6961246493034,105.38284529409101,106.66800194401895,17684303
2021-09-17,106.0254135131836,106.83934336589988,104.14051988760686,106.36812322782775,15763396
2021-09-20,105.12579345703125,106.19675714969313,104.35470482762962,104.95444188086282,7431359
2021-09-21,106.32527160644531,107.43907643534853,104.61172973837482,104.78308784716796,8629222
2021-09-22,106.58231353759766,108.80991682672143,106.23960383081462,106.75366512266719,11698183
2021-09-23,108.12450408935547,108.8099235452431,106.79651288145921,106.92502984651868,11053966
2021-09-24,106.45378875732422,108.55287493506476,106.19675486196503,108.38152336258763,8598140
2021-09-27,108.68140411376953,109.49534051624518,106.66799349567795,107.35341293601068,8490460
2021-09-28,113.05094146728516,114.50744968960575,109.10979580396658,109.23831277338182,35900138
2021-09-29,120.50485229492188,123.58923354334375,111.89431303354948,112.57971946805235,75859390
2021-09-30,121.53296661376953,122.6895995725395,119.17684646003495,121.44728428795513,34614825
2021-10-01,119.86225891113281,123.67490035922,117.97736530628374,120.76187108510044,22452069
2021-10-04,124.70304870605469,127.95878182670603,120.37635160316876,122.90382398658424,58612212
2021-10-05,124.57449340820312,126.67359273658495,123.54637086216583,124.70301689726246,24390676
2021-10-06,122.7752914428711,126.20237556926924,122.34690592707132,125.47411496309425,14421296
2021-10-07,122.3469009399414,124.78869043649428,121.87567427711221,123.54637510597216,10035682
2021-10-08,120.8904037475586,123.28935229566778,120.20498427383207,122.98949026379869,10686586
2021-10-11,124.06045532226562,125.73115631796576,121.19026696746315,121.66149367735017,17449923
2021-10-12,123.84623718261719,125.30274510940251,123.20365900256897,125.08855238271977,16030831
2021-10-13,125.38843536376953,126.15952399930602,123.97475543423612,124.66017481765043,19100941
2021-10-14,128.0015869140625,129.02972261079267,125.81683124173199,126.3737271830538,29263867
2021-10-18,128.13011169433594,129.97216420170594,127.40185108074951,129.5866198482202,25346029
2021-10-19,128.21575927734375,130.31485842986734,126.88777484799877,129.32956405610832,20234486
2021-10-20,125.30274963378906,129.07253653020877,124.48881985766289,129.07253653020877,16129487
2021-10-21,126.7164535522461,127.27336266875619,125.00291117521347,126.545101929201,20818539
2021-10-22,124.14611053466797,126.88778814612596,123.37502187725026,126.67359539981128,11379569
2021-10-25,123.2893295288086,125.30274640983689,122.64675134209148,123.97474887596418,14079380
2021-10-26,122.68960571289062,124.78869206752417,122.04702745698516,124.48883005874113,16224116
2021-10-27,121.06175231933594,123.84625823964878,120.67620796041192,123.37503154616886,15072448
2021-10-28,117.67752075195312,121.532990863725,116.77790844454836,121.06176412429488,19999659
2021-10-29,113.65067291259766,117.29194982253458,110.1379195022787,112.23700592981993,29217522
2021-11-01,115.06436920166016,115.92114036016352,112.15133941877448,114.12191569799029,10043407
2021-11-02,117.07776641845703,120.63337435272172,115.66409932271742,115.66409932271742,21525811
2021-11-03,117.16342163085938,119.04831501318847,116.13529915625138,118.19154410546737,9808728
2021-11-04,117.50614166259766,118.49143619213908,117.33479007106955,118.49143619213908,1026849
2021-11-08,120.20494842529297,120.46198228544674,116.99205785658388,118.83410988666301,12765483
2021-11-09,118.66277313232422,121.14740358592458,118.27722883066717,120.59050771389627,9556650
2021-11-10,117.7203369140625,118.44859753509466,117.163440961477,118.40575636798299,5479056
2021-11-11,117.07776641845703,118.02021986447649,115.10720333307202,117.80602708795293,11418813
2021-11-12,116.90641784667969,118.40576732126628,115.36422720101835,118.40576732126628,9306659
2021-11-15,117.50614166259766,117.93452717806215,116.52086020634468,117.63466516121007,3991733
2021-11-16,115.06436920166016,118.06306825642193,114.80733523945106,117.97738591125544,5762128
2021-11-17,116.90641784667969,118.23441571025722,114.80733119691644,114.80733119691644,15264066
2021-11-18,115.9211196899414,117.89169561777827,115.44989302213223,117.03492461204816,9942974
2021-11-22,111.50873565673828,117.29193965966459,111.12319133786734,115.66408005852622,15990636
2021-11-23,114.3789291381836,114.5931218893787,109.79519903329323,111.42307178634881,11510010
2021-11-24,115.96397399902344,117.63467503490806,114.42178339924936,115.23571333229165,7570759
2021-11-25,115.83543395996094,117.12059043083319,113.35080334558967,116.09246786879292,13919886
2021-11-26,110.39495849609375,114.85016548164738,109.66669785135892,114.12190483691255,13323593
2021-11-29,108.38154602050781,110.82334892696558,107.13923051872516,109.49535108438837,16077669
2021-11-30,109.02410888671875,110.90900245713608,106.83934023936072,109.49533554764506,22883512
2021-12-01,109.40966033935547,113.90770834647034,107.82463520608195,111.380236366654,17010938
2021-12-02,110.26642608642578,111.6372649281865,108.46720827741989,109.40965507864735,12916313
2021-12-03,108.80992126464844,111.59442712378313,108.29585995182933,110.26642940707659,12827354
2021-12-06,106.53947448730469,109.32398028812945,106.23960593916007,108.80991898607523,8158812
2021-12-07,107.39625549316406,108.2958677579258,106.23961582178806,107.18206271932982,8701301
2021-12-08,109.02410888671875,109.36681859133388,106.9678571956719,106.9678571956719,12093435
2021-12-09,107.99598693847656,109.36681922827677,107.65327723186552,109.02410952166572,11518172
2021-12-10,108.08165740966797,108.5528775134946,106.5823082366272,108.03881624720934,8389566
2021-12-13,107.78179168701172,110.18075304095852,107.52475777885891,109.3239755259971,13223189
2021-12-14,108.25303649902344,109.19548348284583,107.09639672175751,107.09639672175751,11649242
2021-12-15,108.55290222167969,110.05225173599374,107.86748922283748,108.08168201059662,11916145
2021-12-16,109.15263366699219,109.8380465887083,108.1673456468406,109.28115063251533,10758513
2021-12-17,107.56761169433594,109.409664286775,106.32528970651458,109.15263688479598,13041775
2021-12-20,104.3118667602539,107.48191676993264,102.04142235711674,106.66798695401734,14185935
2021-12-21,104.69741821289062,106.83934580756224,103.54077861909681,105.85406434332872,10168470
2021-12-22,104.99729919433594,106.15393885300101,104.22620390967766,105.42568473729668,7885198
2021-12-23,106.7108383178711,107.43909241277208,105.211488960339,105.4685163567864,9836979
2021-12-24,103.88348388671875,107.09637514094716,103.5836153436529,106.92502355537924,8509575
2021-12-27,104.39754486083984,104.65457877504976,103.32658111270517,103.883483569064,5097217
2021-12-28,106.32527160644531,106.75365707346293,104.48321279094084,104.52605395229999,6511374
2021-12-29,105.5113525390625,106.88218486527629,104.69741614716008,106.75366790480284,8960770
2021-12-30,108.7242431640625,109.53817301405338,104.74025663503305,105.59702765045253,32394253
2021-12-31,106.58231353759766,108.6385652416519,106.23960383081462,108.6385652416519,9155163
2022-01-03,107.95315551757812,108.42438222378094,106.83935050472307,107.43909417958524,9034081
2022-01-04,113.8648452758789,114.20756147351563,108.59570956759414,108.80990228863477,33986738
2022-01-05,113.0937728881836,113.82203347321818,111.97996796477872,113.60784072153602,16122852
2022-01-06,112.15130615234375,113.3936344223053,110.78048054932823,113.3936344223053,8037648
2022-01-07,112.5368881225586,113.26513570651993,110.90901520437743,112.49404695331631,8820039
2022-01-10,112.96527099609375,113.35081536357511,112.0228175882157,113.05094025926236,7324926
2022-01-11,113.35082244873047,114.80733074652845,112.23701737160617,113.22229893601043,11971883
2022-01-12,114.67880249023438,114.97866449341387,113.39364600243924,114.25041699430267,10439580
2022-01-13,115.6212387084961,117.07774672925441,114.3789234282401,115.1500120647335,15114699
2022-01-14,115.96397399902344,116.64938042266567,114.20759062353879,115.15003099269161,9344382
2022-01-17,117.03491973876953,117.67749796631045,115.1928543091797,115.3642058885331,9803141
2022-01-18,115.66409301757812,118.02021343089916,115.1500251526289,117.03493194191682,6473378
2022-01-19,115.49275207519531,115.92113764441096,113.90772023978141,114.89301489295143,21136414
2022-01-20,115.57838439941406,116.82071261165031,114.93580625099636,115.23568128290565,8466412
2022-01-21,114.89301300048828,116.6065552491262,113.56501514313592,114.85017182961437,12437749
2022-01-24,113.60785675048828,115.87829500934055,112.23701771699528,113.95055997221658,14284658
2022-01-25,115.9211196899414,116.22098169797411,112.27984291558843,112.40835333713274,10007486
2022-01-27,115.66409301757812,116.5208640769676,114.07906132839207,114.97867355540878,18760325
2022-01-28,120.07645416259766,123.37502784470547,118.23440168450941,119.9479437379081,34009553
2022-01-31,121.70431518554688,122.86094811574357,118.70561688214586,121.661474023698,27928927
2022-02-01,120.9332275390625,123.50354066910242,120.33349042337758,123.37503024191588,17413984
2022-02-02,120.9332275390625,122.30406643773257,120.5905243510393,121.6614881552226,10783943
2022-02-03,120.49235534667969,122.21179606584988,120.18374778638355,121.24185583732176,9571728
2022-02-04,118.33203887939453,121.1977552363506,118.06750852476097,120.80096643168662,7213085
2022-02-07,119.16970825195312,120.22782968050626,118.33203999982594,118.33203999982594,10562489
2022-02-08,119.03744506835938,119.61058294056329,117.09757828408577,119.4342338610061,8721631
2022-02-09,119.08153533935547,119.56650539759049,118.02342741066141,119.30197505177391,5144026
2022-02-10,120.31599426269531,120.66870588092394,118.42021808754183,119.16970504895419,6081460
2022-02-11,120.9332275390625,121.41819762411848,118.55248120419213,118.55248120419213,8426925
2022-02-14,116.83306121826172,120.31600639008003,116.21583264236304,118.77292822304639,7705072
2022-02-15,119.34608459472656,119.74287344903371,115.20180658097013,116.48036787923402,12674466
2022-02-16,117.4502944946289,120.536450952207,117.14168692161573,118.9492820831091,12946623
2022-02-17,117.0534896850586,118.94926586875029,116.78895933383886,118.5965677035057,5811964
2022-02-18,116.7007827758789,118.2438606787092,116.30398055149388,117.05348091469722,6760078
2022-02-21,116.34808349609375,118.28795037404174,115.64267368922913,116.74487230790105,12212740
2022-02-22,116.4803695678711,116.83306778690738,112.77697772240428,115.55451992468257,13578566
2022-02-23,114.80500030517578,117.67071658580015,114.49639277846735,116.39216893612837,9263264
2022-02-24,109.69081115722656,113.746900849825,109.0294919662392,111.98338300719205,18045779
2022-02-25,114.93727111816406,115.51040898703418,110.21985590365857,110.21985590365857,10424521
2022-02-28,117.71481323242188,118.1116020467851,113.57054909043475,113.70280754369813,13262687
2022-03-02,115.46632385253906,119.03745004479757,115.0254444079287,117.09758317942656,12587947
2022-03-03,116.4803695678711,117.67073614804953,114.84911003203537,116.4803695678711,15628119
2022-03-04,114.80500030517578,117.5825487729859,114.40821151108072,116.39216893612837,15883138
2022-03-07,114.6727523803711,115.06954121087318,111.8952103849961,113.7469028061505,14985637
2022-03-08,117.93526458740234,119.74287320283442,115.06954787780191,115.06954787780191,28572640
2022-03-09,115.95130920410156,118.11161607630487,115.59861098378967,118.11161607630487,14286413
2022-03-10,117.22984313964844,119.03745157672819,116.34808423908008,117.1857525037054,13101323
2022-03-11,116.34808349609375,117.62663120283858,115.95129468428645,117.18575175536982,8669803
2022-03-14,116.5244369506836,117.18575614666834,115.28997983334145,116.34808785600235,5670284
2022-03-15,115.55450439453125,117.22984089165575,115.20179276832366,115.7749441154462,6895190
2022-03-16,117.0534896850586,117.27392940197961,115.99538173475224,116.74486869954015,5561866
2022-03-17,117.18575286865234,118.42022340603634,116.30399396533797,117.71481359247022,13995384
2022-03-21,117.18575286865234,117.62663232030954,116.12764487558971,117.18575286865234,9172207
2022-03-22,117.14167022705078,118.2879459842719,116.17173009678562,117.5384590241329,10343712
2022-03-23,117.67070007324219,117.93523038370853,116.56850165844118,117.18573007981564,11892811
2022-03-24,119.39013671875,119.65466705095068,117.58254193361712,117.71480037243167,11276181
2022-03-25,118.81702423095703,120.05148143853978,118.3320540942015,119.91922297150394,7266868
2022-03-28,118.86109161376953,119.4783200967869,117.97933279386704,119.4783200967869,7778682
2022-03-29,118.46430969238281,119.30197792885963,118.06750743680252,119.03744757666362,5116935
2022-03-30,119.30197143554688,119.87510928863321,117.6707122312675,119.03744109774861,24047012
2022-03-31,119.03744506835938,119.56650576160324,118.4202165626231,118.4202165626231,11615450
2022-04-01,126.04743194580078,126.48831139538706,120.62462009771885,121.68272808581129,32589741
2022-04-04,127.2378158569336,128.73680334191795,124.76888817042047,125.07750917669966,15437496
2022-04-05,131.47024536132812,132.79288359049815,127.63458911490635,128.20772696571797,23958626
2022-04-06,134.90908813476562,136.93713594143114,130.7648247195791,132.57243283974992,52737388
2022-04-07,135.35000610351562,139.31792159189231,134.20371671595856,134.86503596402133,37738903
2022-04-08,134.0714569091797,136.58446195397568,133.32195638703078,136.58446195397568,17585569
2022-04-11,134.9972686767578,136.31990678872643,133.8950702501173,134.42411742216237,15583159
2022-04-12,134.55641174316406,135.4381706315083,133.0133336885616,134.64457955925477,11306524
2022-04-13,135.7467803955078,137.7307379268131,134.6886724030596,134.95320276481493,19454061
2022-04-18,143.90304565429688,144.38801572627676,136.23174613563214,136.58444430366876,82098517
2022-04-19,141.65457153320312,146.68060836854414,140.6405541110969,145.40204711296587,38522118
2022-04-20,141.52230834960938,143.903054771118,140.19966995381864,142.9772052031498,20047692
2022-04-21,143.46218872070312,144.07941733887318,141.3900631129483,142.49226187917154,21966151
2022-04-22,141.4782257080078,143.72671379884324,140.9491783925358,142.18363558321147,9922564
2022-04-25,137.64259338378906,141.8750260692601,137.0253512837971,139.84699101354497,12008027
2022-04-26,138.43617248535156,139.71472043204002,137.55441342493532,138.96523330343152,11735823
2022-04-27,137.2457733154297,140.72873188412666,136.84898448425147,138.25980416685584,17873048
2022-04-28,140.81687927246094,141.16959086921992,136.89305525869761,139.31789198630742,29123808
2022-04-29,137.73074340820312,141.96318900101136,137.28986393925587,141.4341282564452,28941216
2022-05-02,138.8770294189453,139.62652988017848,134.90911429268974,136.31993394163214,13368198
2022-05-04,139.89105224609375,142.75676883790436,138.7006857345475,139.31791430956116,24511385
2022-05-05,139.67059326171875,141.74273189362543,138.436136281799,140.72871462116078,33396072
2022-05-06,140.19967651367188,141.39005650741007,137.5984902378236,137.95118844470758,22604305
2022-05-09,140.19967651367188,140.905086382014,137.51030895881553,140.15558587416783,22958742
2022-05-10,137.0694122314453,142.18361631541023,136.23174400453257,140.15556824449297,20322427
2022-05-11,134.51231384277344,138.39204736011322,132.30791674097304,135.83495210385365,13794764
2022-05-12,130.9853057861328,134.90913075441486,130.50033563172155,133.23379398962138,11818556
2022-05-13,127.10552215576172,132.2638163762645,126.53238433329304,132.2638163762645,22913410
2022-05-16,130.7207489013672,131.29388676935878,124.90113513674555,126.44421311703151,16286682
2022-05-17,132.70474243164062,132.92518220312175,129.00135696167283,130.05946517386707,13925542
2022-05-18,130.94119262695312,133.05740854010514,129.7949034012572,132.70471037277068,17611218
2022-05-19,130.50033569335938,130.98530584799968,128.51637788721033,130.05945618088182,11701170
2022-05-20,131.91114807128906,133.10151461506038,130.19170730599572,133.10151461506038,17841739
2022-05-23,132.3961181640625,136.98127606351144,130.85303980105675,136.143594188505,26055890
2022-05-24,129.53038024902344,133.89509767621328,129.0013329686122,132.39609674528126,16581141
2022-05-25,134.60047912597656,135.04135853805585,129.97124529914407,130.85300412330264,19926619
2022-05-26,135.92311096191406,136.76079256907775,132.792878047204,135.04135217927544,22698086
2022-05-27,132.66062927246094,136.67263512345116,131.82296097390935,136.67263512345116,10245727
2022-05-30,133.05740356445312,134.46822309017895,131.20571807333167,132.30791662325115,12513990
2022-05-31,137.5543670654297,139.31788459190955,132.57243543495244,133.2337545073824,124665699
2022-06-01,138.25978088378906,141.25775538624478,137.77481085865233,137.9511599256371,16084988
2022-06-02,140.24375915527344,140.4641988856481,136.0113136411653,137.11351229303858,17646975
2022-06-03,136.67262268066406,140.59644689896865,136.40809233294829,140.1996581046812,14063328
2022-06-06,136.84898376464844,139.8910493937833,136.31993647738395,137.37804450648648,18485464
2022-06-07,138.65660095214844,139.05338980608866,135.3500047450225,136.84899233467138,14911957
2022-06-08,138.48023986816406,140.8609862404686,137.64257159239048,137.64257159239048,16416591
2022-06-09,136.8048858642578,139.31790407271504,136.4080970562311,136.93715776998195,13821409
2022-06-10,136.89308166503906,138.08346167004302,135.79088293987772,135.87906421972033,7908849
2022-06-13,131.29388427734375,136.58443725219288,130.2798670056598,135.7908596877943,19208167
2022-06-14,133.49826049804688,134.42410981494413,131.29386376951527,131.29386376951527,17034328
2022-06-15,130.632568359375,135.52633267204905,130.1035211216579,134.51231537549535,15172295
2022-06-16,126.04743194580078,132.3960933289285,125.20976368250147,132.35201614762832,18494040
2022-06-17,123.84304809570312,127.37008407396209,123.04947038242466,124.41619951491491,21387729
2022-06-20,121.02140808105469,124.68070210568362,119.03745057152919,123.8430338481319,16578770
2022-06-21,123.40215301513672,124.54844225423183,121.46228616297653,121.85907496950908,51398446
2022-06-22,121.37409973144531,123.40214776751435,120.40417307389731,123.40214776751435,8317317
2022-06-23,120.36007690429688,122.6967323561414,119.6105765380825,121.59453384969179,11257409
2022-06-24,120.44828033447266,121.59455622848861,118.99336996544811,121.59455622848861,21879039
2022-06-27,122.12361145019531,122.60858155120103,120.5805333271784,121.02141279089751,12872030
2022-06-28,122.21179962158203,122.82902821470633,120.93323834098439,122.12361834203246,14272044
2022-06-29,124.98932647705078,126.17970639675679,120.6246225290843,121.50638144602999,53487394
2022-06-30,126.00334167480469,126.92919121253152,124.46026359678433,125.47429440651298,19270932
2022-07-01,124.0193862915039,126.26787422071932,123.22580864805062,125.20976621125716,9592229
2022-07-04,124.68072509765625,125.38613503315118,122.87312979708076,122.87312979708076,17526429
2022-07-05,124.19576263427734,127.19373790319872,123.62261120183001,124.68071932882727,11370649
2022-07-06,122.5204086303711,125.20977623334011,120.00740358857334,124.76889673956074,15929985
2022-07-07,123.84304809570312,125.87109647411692,123.00537974178151,123.44625923906389,18144208
2022-07-08,126.7087631225586,127.14964261390679,124.32801656019316,124.32801656019316,15375888
2022-07-11,127.67868041992188,129.6185471420173,126.62057252192183,126.97327066973122,16779135
2022-07-12,129.70675659179688,130.58851560750026,127.01738890298661,127.01738890298661,19138561
2022-07-13,131.0293731689453,131.690692319957,130.05943303229913,130.27987274930302,13644449
2022-07-14,130.7648468017578,131.64660569663874,129.618557547498,131.38207533725986,9775869
2022-07-15,132.0433807373047,132.39607887664417,130.6325612708037,130.8970916025941,11518139
2022-07-18,132.08746337890625,133.63054119068187,131.6465840041132,133.49826930550148,8286352
2022-07-19,132.92514038085938,133.3219291537685,131.6025021681145,132.08747220370196,6798359
2022-07-20,132.74879455566406,134.2477818758428,132.39608295089894,134.1155234331634,7271345
2022-07-21,133.01333618164062,133.36603436175983,132.2638357306709,133.14559463554204,7521568
2022-07-22,131.33798217773438,133.49828873776437,130.6325723844706,133.14559056841884,6800124
2022-07-25,132.3520050048828,132.66061252086763,129.92716823630587,131.5584139896963,7996687
2022-07-26,132.26382446289062,133.1014926602412,131.5143240757721,132.26382446289062,5774871
2022-07-27,131.9993133544922,132.74881385080806,131.4261754134793,131.8670548925889,5403197
2022-07-28,132.57244873046875,133.10149596872756,131.4261595323828,132.30791838405318,6030744
2022-07-29,134.86502075195312,136.187659098892,132.660623507055,133.1015029560346,11771461
2022-08-01,137.99526977539062,139.05337777923936,133.14559575772512,134.82093230927117,14221965
2022-08-02,140.6846466064453,141.16961673172895,138.0393696917064,138.52433981699005,18278835
2022-08-03,140.77281188964844,141.91910122292416,138.61250513919072,141.12552354465768,10147608
2022-08-04,136.40811157226562,141.52231634932429,134.95321463648546,140.81690647411372,15754128
2022-08-05,137.20169067382812,138.5684062096722,134.9091121444462,136.14356922668378,33864055
2022-08-08,140.5523681640625,141.08142890428297,136.62854361357682,137.11351371635,16964235
2022-08-10,139.96823120117188,141.22636712016612,139.2942268775707,141.00169901229907,14055597
2022-08-11,138.0810089111328,140.95677156409135,137.3620819605458,140.37262627592364,15810624
2022-08-12,142.43955993652344,142.88889608774275,137.13739883719595,138.12593014228779,17998843
2022-08-16,142.6642608642578,143.6078697416389,141.0466476048409,142.8889289916031,8309725
2022-08-17,145.0906524658203,147.06772895189545,142.88890788558544,142.88890788558544,19674110
2022-08-18,144.5065460205078,146.16908197863802,143.69773251337412,145.09067768178107,9585888
2022-08-19,141.76556396484375,145.27038066338292,141.22635506692146,144.73118547811254,9599472
2022-08-22,140.64224243164062,142.84398725433363,140.19290619383986,141.3611831546526,11400211
2022-08-23,142.5743865966797,143.06865921406055,139.87836909749768,140.59730983981038,14362373
2022-08-24,144.5065460205078,146.483622850188,141.99026018607182,142.79905998055088,20602844
2022-08-25,142.79904174804688,145.53999536572522,142.3946419024409,145.0008001424682,12889454
2022-08-26,146.84307861328125,148.01135558670458,142.79905242942235,142.8889251630141,30724938
2022-08-29,144.64132690429688,146.84307164629388,144.41665879363077,145.40520396562286,10928330
2022-08-30,147.3822784423828,148.68535072266596,145.18053373257294,145.40520183995463,24663153
2022-09-01,144.41665649414062,147.60694635733196,144.05719300785978,145.13559717935533,14554158
2022-09-02,145.4051971435547,149.53908195826668,144.91092458074874,146.48360128162508,25106698
2022-09-05,147.83163452148438,148.37084353671588,145.76468491330346,146.12416216100942,15226001
2022-09-06,151.38136291503906,151.7408401023399,148.10121414275295,148.99988654202613,27866331
2022-09-07,150.347900390625,152.9091085903916,149.7637550831093,151.4263045648769,19415892
2022-09-08,149.8985595703125,152.05536785255765,149.13468254266382,150.97696371143508,11595205
2022-09-09,149.7188262939453,152.19017537692508,149.13468101037677,150.66242133732467,16415150
2022-09-12,149.53907775878906,151.06683176685883,148.73027810611276,150.4826864953462,15469466
2022-09-13,150.43777465820312,151.83071980946795,148.86509774511643,150.0333747659403,15644741
2022-09-14,154.88621520996094,155.51528323509714,148.2809666643943,148.2809666643943,38751148
2022-09-15,157.35751342773438,158.30110830193078,155.15575548754268,156.72843189473673,29483891
2022-09-16,155.29058837890625,156.99806039794905,153.94257982303492,156.3240561200134,26126152
2022-09-19,153.6729736328125,156.45886343519328,153.26857381315128,155.919654533877,13304030
2022-09-20,154.48179626464844,155.60513688237467,153.58312377046747,154.48179626464844,15395199
2022-09-21,151.5161895751953,154.61660696974016,151.1117759784969,153.67299809853412,7370283
2022-09-22,151.5611114501953,152.45978394907024,149.94351192234373,150.0783073121133,7447846
2022-09-23,147.33734130859375,151.42630358410767,146.1690644137822,150.21309032552395,12264388
2022-09-26,142.52944946289062,147.24747960717565,140.73210464602013,145.98933000777467,21951865
2022-09-27,142.88893127441406,145.27040797725917,141.5409224888064,143.24839479884764,8367800
2022-09-28,141.94529724121094,143.29330578806508,139.29421650826154,141.81050187158635,14261815
2022-09-29,143.38320922851562,145.31534974122778,141.990264022473,142.6642684403012,17623352
2022-09-30,143.47305297851562,145.18053888278044,141.45103994035057,143.78759382506937,12015533
2022-10-03,144.10214233398438,147.47216424345405,142.84399259352315,143.65280607938843,10528629
2022-10-04,146.0792236328125,147.38229606893987,145.00081933093657,145.54001462554717,9013773
2022-10-06,146.39373779296875,148.37082816893354,145.9444015643683,147.60695109525136,6456408
2022-10-07,147.65188598632812,148.146158575384,145.0008050065873,146.57348179098565,8825983
2022-10-10,147.33734130859375,148.8201590371575,145.45013744403937,146.21400077755436,10484521
2022-10-11,144.73118591308594,147.74173008301952,144.0571816449834,147.74173008301952,13805741
2022-10-12,148.2809600830078,148.55056457114406,144.82106552934275,145.49506989335643,12496248
2022-10-13,148.0562744140625,149.8985555332171,147.60693822464197,148.14614713700752,9447511
2022-10-14,148.3708038330078,150.52761189146685,148.14613575555785,149.4042715042171,9588164
2022-10-17,151.38136291503906,151.920571839664,147.38227348080386,148.3708186050654,13426449
2022-10-18,150.0333709716797,152.28005221927194,149.53909835467857,151.83071596975347,20635735
2022-10-19,147.42724609375,151.0668729482741,147.24751431223217,149.62899127081945,6947654
2022-10-20,150.0333709716797,150.88710710323392,145.1356085944594,147.38228984205165,12020720
2022-10-21,148.32586669921875,151.38134705149693,147.83159418888374,150.52761110418254,7414335
2022-10-24,150.0333709716797,150.9320434707166,149.40430296488466,150.0333709716797,685185
2022-10-25,152.190185546875,152.50471267813523,148.6853547492146,150.48269965694197,8131380
2022-10-27,153.3584747314453,154.12235193162059,150.57259788039138,152.68447027693387,16225577
2022-10-28,156.41395568847656,156.9980873445516,152.68445648285643,153.35846087647585,16185760
2022-10-31,155.56021118164062,156.36901092550414,151.92058490894726,152.68444828645087,24233760
2022-11-01,163.378662109375,164.41212999214545,155.91967766857792,156.36901391546144,41101936
2022-11-02,162.61477661132812,164.18745339424746,161.76104052884543,163.46851269381082,22146420
2022-11-03,160.0985107421875,163.42361017731753,159.28971092495075,161.1769287820432,16719953
2022-11-04,159.02008056640625,161.3116979596166,158.48088534677913,160.90729811673307,14881752
2022-11-07,158.0315704345703,161.31171969540387,157.13289790144827,159.82891550081436,12799401
2022-11-09,155.82977294921875,159.73900297977585,154.79630527857321,159.73900297977585,14929008
2022-11-10,154.6615447998047,156.54874884740653,153.26859966367795,155.91968083153927,10668583
2022-11-11,154.077392578125,156.00954662047027,152.45977938603357,155.4703376522219,16963169
2022-11-14,154.077392578125,155.82980115595169,153.76286544052488,154.88620603049756,10224241
2022-11-15,154.6615447998047,156.5038124792758,154.0324630712831,154.8412765596733,13899999
2022-11-16,152.72938537597656,155.42540281849213,152.01044464877498,154.6615394373717,9781274
2022-11-17,151.24656677246094,153.49324775923947,150.5276261141613,152.72937073867377,12778124
2022-11-18,149.04481506347656,151.92056384733107,148.3708107994801,151.47122767133342,11134908
2022-11-21,147.74176025390625,149.35937357022152,147.51709211865844,148.28096926356292,12788632
2022-11-22,150.1232452392578,150.5276451254221,148.1461684637234,148.5056319819463,15198091
2022-11-23,151.0218963623047,151.2016280959656,149.40428333405217,150.84216462864381,12004998
2022-11-24,152.32498168945312,152.77431791862554,150.61750950365928,151.60604098024655,10986350
2022-11-25,152.54965209960938,153.89766080741154,151.51618424202255,152.99898833554343,12358833
2022-11-28,153.13377380371094,154.48178242421068,152.23510139004443,152.77431032330546,5471921
2022-11-29,152.90908813476562,154.21217395501148,151.92055682088233,153.67296508369242,7693168
2022-11-30,154.75140380859375,155.33554916892865,152.54965889694193,152.8641997611726,9133076
2022-12-01,154.75140380859375,156.05447620833425,153.53820414510608,155.9196808166093,9214914
2022-12-02,154.70645141601562,155.33553307931686,153.8077789971886,154.9311195207224,6376672
2022-12-05,157.40248107910156,157.85181732393215,154.03245924287197,155.51527707840535,9861212
2022-12-06,157.44740295410156,158.1663436221875,156.23420343231842,157.80688014447088,7008295
2022-12-07,154.4368438720703,157.26765619858426,153.9425713529159,156.45885659462354,7718718
2022-12-08,153.08885192871094,154.97605577937966,152.77431109727306,154.43686055603982,4225180
2022-12-09,152.32498168945312,154.34699472072904,150.97697300193585,153.8527221261087,6174919
2022-12-12,151.78578186035156,152.77432710906015,150.57258219619573,152.77432710906015,7153044
2022-12-13,152.0553741455078,152.77431484022776,151.02190632429696,152.5496467301686,5166993
2022-12-14,154.2122039794922,156.0994079712373,152.28004990829248,152.72938615099187,8562333
2022-12-15,154.6615447998047,156.41395345566866,154.3020675674132,154.57167206354325,10644546
2022-12-16,152.59457397460938,155.56019559267494,151.92056968471502,154.4817777587221,9433166
2022-12-19,154.3919219970703,154.79632183698766,152.3249727220285,152.59457718619092,7706855
2022-12-20,152.54965209960938,154.0773925592544,151.4712478758984,153.80778807516324,7387632
2022-12-21,150.93202209472656,153.71791193224647,149.71882262044053,152.774303199367,8454254
2022-12-22,149.08975219726562,151.56110140538135,147.87655263178254,151.4263060245454,6979001
2022-12-23,146.48358154296875,149.49413916403486,145.89945004641598,147.65185824872503,5313321
2022-12-26,148.8650665283203,150.75228391333928,145.49504527839468,145.58491799678666,8321609
2022-12-27,148.46066284179688,151.15667977129434,147.87653132546623,150.0782757420256,9244387
2022-12-28,149.04481506347656,150.6174916794683,148.10120635135115,148.28093807921982,9652984
2022-12-29,149.85362243652344,150.43775401043536,147.38227334086864,148.28094573928854,19571340
2022-12-30,149.5840301513672,150.79724347305685,149.17963028168853,149.85363463537087,8626291
2023-01-02,150.9770050048828,151.4712777042753,149.5391232816785,150.12326873101745,7322962
2023-01-03,150.61749267578125,152.05536022089387,149.89855204689897,150.97695613389644,9629995
2023-01-04,149.7188262939453,151.4262983571249,148.01134051811323,150.84216678620885,11995082
2023-01-05,152.68443298339844,153.08884652745093,150.21308392048928,150.97696093408578,18887530
2023-01-06,151.8756561279297,154.7064690854891,151.4712562358004,153.178728541526,13216749
2023-01-09,153.13377380371094,153.67298273697196,152.2800377532583,152.99897842672206,6012344
2023-01-10,150.93202209472656,153.40337111706927,150.21308145478733,153.13376666301053,7557693
2023-01-11,149.2245635986328,151.69591284496994,148.7302910068347,151.38137200128386,8463293
2023-01-12,149.1346893310547,150.2580298859928,148.7752258385358,149.98842541027702,7628932
2023-01-13,150.7972412109375,151.11176834367882,148.73029181478742,149.3593597929235,5090393
2023-01-16,149.1346893310547,151.5611021871904,147.96641241138838,151.5611021871904,10321015
2023-01-17,150.7073516845703,151.156687863542,148.99987968953872,149.71882031842378,13015434
2023-01-18,152.28004455566406,152.5047126691167,150.16817251680138,150.5276360132642,5536057
2023-01-19,151.6060333251953,153.1337736847106,150.347897432101,153.1337736847106,6812613
2023-01-20,151.6060333251953,152.68443747822653,150.6624245490482,152.68443747822653,8545359
2023-01-23,149.94351196289062,152.32498860049154,149.17963485357873,152.2351158655181,7787735
2023-01-24,149.2245635986328,150.57257227845307,148.64041827645198,150.258031434767,7033092
2023-01-25,149.08975219726562,149.71883387490854,147.7417435382934,149.17962492625838,9257370
2023-01-27,149.44924926757812,150.12325368666282,147.38229963985404,149.40431289710813,13756671
2023-01-30,151.7408447265625,154.7963254921445,150.1681679799079,150.61750419323778,30768122
2023-01-31,153.80776977539062,155.15577832280914,150.39282575871871,152.6395066710829,24990701
2023-02-01,152.77430725097656,156.1892650967642,150.25802180078293,154.79632014106303,13878016
2023-02-02,149.98841857910156,153.53818554115563,148.73028269993358,152.77430851352693,19898080
2023-02-03,152.66265869140625,153.49259199560794,149.89619558278866,151.6943937891983,11730514
2023-02-06,153.12376403808594,153.8614904835888,151.27945495980958,151.69442168822945,7588936
2023-02-07,152.3860321044922,154.64530782982195,151.50998813805344,153.53872523690137,8699758
2023-02-08,152.6165771484375,152.84711578461338,151.32556641423722,152.70879823129252,8839686
2023-02-09,153.07763671875,153.67703147510807,151.83272259897856,153.03152618265474,5507650
2023-02-10,152.155517578125,152.89324411390857,151.32558401972054,152.2477386717092,9468345
2023-02-13,154.78363037109375,155.10637598666443,151.97105647876487,152.24770562851137,9829152
2023-02-14,153.12376403808594,155.38303984478213,152.01718140531244,155.38303984478213,12916373
2023-02-15,152.89321899414062,153.53872433028596,151.4177661649847,153.07764708004487,11855678
2023-02-16,154.36866760253906,154.6453167845288,152.70880065252445,153.0776568478695,7923121
2023-02-17,154.9680633544922,156.44350208159432,153.49261055642936,153.9997983351985,10182025
2023-02-20,154.82974243164062,156.76627260395654,154.23034760595135,154.64531433688714,6679716
2023-02-21,159.7632598876953,160.68541434592154,155.8902139773372,155.8902139773372,26883881
2023-02-22,157.22732543945312,159.71713950905317,155.3830166366443,159.48660090870206,12225021
2023-02-23,156.39739990234375,158.2878052626842,155.84410160553765,157.6422999637172,11184381
2023-02-24,157.6884002685547,157.87282833186993,156.21294762011433,156.99678447790313,8338893
2023-02-27,158.97943115234375,159.99380673698573,157.22734321991967,157.82673802023288,17669762
2023-02-28,157.22732543945312,159.53271144296417,156.62793070692405,159.34828337687517,19044910
2023-03-01,158.84112548828125,159.57885196221605,156.72016715232948,157.64232172700747,9318790
2023-03-02,157.5040283203125,158.79503929443595,156.99684041227675,158.79503929443595,7725981
2023-03-03,159.16387939453125,161.37704466440124,158.14950377111322,158.61058104158295,12962719
2023-03-06,163.0369110107422,163.6824163172378,159.25607210404436,159.44050018147735,12402804
2023-03-08,164.9273223876953,165.20395745481795,161.7919889410286,162.0225275442706,22099710
2023-03-09,165.48062133789062,168.0165461995135,164.1435001341362,164.51235630380606,18874546
2023-03-10,166.679443359375,166.90998200855807,163.959090113207,164.14351821836098,12399692
2023-03-13,165.71115112304688,167.4171424764387,165.48061251155934,167.18660386495117,13669178
2023-03-14,164.05125427246094,166.90993840389459,163.40574903757687,164.74287003932793,9217542
2023-03-15,164.32794189453125,165.5728561949519,163.91297515137842,165.48063510937922,8548173
2023-03-16,165.6189727783203,165.98782899214,163.17525463113623,164.3279478880261,9405016
2023-03-17,163.17523193359375,167.55546570048827,162.20696691829863,167.55546570048827,47276890
2023-03-20,162.2991943359375,163.72853664570192,161.33092928280928,163.72853664570192,5627841
2023-03-21,163.31356811523438,163.72853482740626,161.65368719558575,163.08302948947653,12894327
2023-03-22,160.7776336669922,163.95906369898998,160.27044590630612,163.95906369898998,7893205
2023-03-23,161.0081787109375,162.16087181719863,160.17823123185303,160.50099092999045,5759884
2023-03-24,159.25608825683594,161.56147463597645,158.93334260633333,161.56147463597645,4977283
2023-03-27,157.91896057128906,160.40877494566604,157.41177277424012,159.20997126290342,12077986
2023-03-28,158.61058044433594,159.532734981803,157.22734863813534,158.01118562336697,8750986
2023-03-29,160.45489501953125,161.7459057878553,158.33393669645997,159.20998072289146,20272070
2023-03-31,161.46922302246094,163.45184913249736,161.00814587399128,161.19257391918757,8125121
2023-04-03,163.95907592773438,164.23572509701134,161.7920071845196,161.9303388046387,9098662
2023-04-05,162.2069854736328,164.4201649147596,161.51536953658612,164.4201649147596,10829323
2023-04-06,161.56146240234375,162.85248711948154,161.23871677627983,162.66804496634705,7159274
2023-04-10,163.774658203125,164.14351440486342,161.56147877980797,162.1608876963356,10968456
2023-04-11,164.2357177734375,165.75726703017025,162.80637552171123,164.2357177734375,9208605
2023-04-12,162.11474609375,164.42013209033072,161.65366889443385,164.14348295654915,7591360
2023-04-13,159.578857421875,162.39143178506163,158.88724146720432,162.29921069605385,9944382
2023-04-17,156.39739990234375,160.40876330582734,156.07464021738016,158.93332463261137,17401126
2023-04-18,156.85848999023438,157.45788480179812,155.84411438655275,156.7662689095501,16199789
2023-04-19,154.092041015625,156.7201732125066,153.8153918183315,155.61359049429527,16314641
2023-04-20,156.48960876464844,156.95068599381415,153.8153664638715,154.09201561556299,15498083
2023-04-21,156.48960876464844,156.7201473792313,155.29080515462553,156.4434982275398,6672391
2023-04-24,157.64230346679688,157.91895262134756,155.1063786801767,155.38302783472736,8088991
2023-04-25,157.7806396484375,159.02553977352355,157.08902377751383,157.9650677331583,9175412
2023-04-26,156.62796020507812,158.3339377263918,156.3052004754166,157.78065342392338,9032416
2023-04-27,157.64230346679688,158.01117369651794,155.65967698927804,156.76625953652018,9054900
2023-04-28,158.61058044433594,159.07165771306947,156.3974151827996,158.51835936220462,21552892
2023-05-02,161.9303436279297,162.29919981731163,159.1177694532669,159.20997646513155,8893428
2023-05-03,162.6219482421875,164.74289229027715,161.46925514172108,161.93033238190765,11194149
2023-05-04,162.6219482421875,163.63630972802153,161.192605983417,162.7141552476484,4671155
2023-05-05,160.6854248046875,162.66805139053585,159.53273165687767,162.62195492139247,5958697
2023-05-08,163.26747131347656,163.728548603788,160.91597431869573,161.19262350707504,6287186
2023-05-09,162.2991943359375,164.7428981677248,161.56146791112738,163.4057769376721,7918748
2023-05-10,163.26747131347656,163.54412050185587,161.33094106578358,162.29920618963007,6231734
2023-05-11,165.57286071777344,165.98782747226159,163.17525313701134,163.7746620676831,12125975
2023-05-12,161.3309326171875,165.29619992040486,160.91596589183067,165.15788236893974,8920297
2023-05-15,162.2530975341797,162.9908240214537,160.31658133491806,160.45489889523589,7980565
2023-05-16,163.63632202148438,164.1435098379851,161.8381234638561,163.12913420498364,7874923
2023-05-17,162.2991943359375,164.00518581387587,161.423150362521,163.6363155659902,6639494
2023-05-18,161.46922302246094,163.86681575192847,161.0542423320719,163.22131055826253,6921939
2023-05-19,159.8093719482422,161.69979141981918,159.48661225640203,161.37703172797902,6657753
2023-05-22,160.54708862304688,163.26744132197533,159.67103067561328,159.80936227987314,13339834
2023-05-23,160.5932159423828,161.97644782499063,159.3483156906132,161.33094242729945,8359389
2023-05-24,161.3309326171875,161.6536923318881,159.9477008186904,160.45488862566498,8507023
2023-05-25,160.9159698486328,161.884234945582,159.90159420974095,161.33093658419338,7986243
2023-05-26,160.9159698486328,163.45189487490066,160.54711365501495,161.37704712613606,6926193
2023-05-29,162.5758514404297,163.95908327786222,161.19261960299715,161.33093715835565,9943211
2023-05-30,163.0369110107422,164.14349354630045,161.9303284751839,163.22133908817517,9727639
2023-05-31,160.3165740966797,163.22135529990342,158.56447200964038,163.22135529990342,41785992
2023-06-01,160.82371520996094,161.10036433293428,158.47223284208482,160.08600297664393,11602551
2023-06-02,160.9620819091797,162.2069821276064,159.9015957183399,162.2069821276064,7262018
2023-06-05,160.54708862304688,162.4836044440483,160.03990088267997,162.11474830794126,12239684
2023-06-06,161.74591064453125,162.06867038178464,160.03993308308995,160.915977135826,4889564
2023-06-07,163.5441131591797,164.1435079812885,161.74590055093,162.25308836169373,6270083
2023-06-08,167.87823486328125,169.9991930947375,164.235727286955,164.83512210257982,27382635
2023-06-09,168.56985473632812,169.9069760210805,166.4950069965863,169.6764373833314,10235269
2023-06-12,171.2440948486328,171.935710751956,168.43152069425946,168.56985231750107,17450400
2023-06-13,170.92135620117188,172.12014589257925,170.59859647135474,171.52075104687557,8332566
2023-06-14,172.62730407714844,173.733886563542,170.9213268479883,170.9213268479883,15061573
2023-06-15,172.16624450683594,172.71954284219746,170.92134435871426,172.4428936745167,9840499
2023-06-16,173.54945373535156,174.01053093128553,171.56682742121927,172.3506502117314,8562558
2023-06-19,171.38243103027344,173.54948580908146,170.78302212220675,173.54948580908146,5363723
2023-06-20,172.9039764404297,173.3650537109375,170.1836233586259,171.52074462890624,6035600
2023-06-21,172.9039764404297,174.01055907545611,171.98182189941406,172.9039764404297,5906854
2023-06-22,170.13748168945312,173.31891145969826,169.07700978969112,172.90394480635482,6683123
2023-06-23,172.16624450683594,172.9039709303309,169.44589151172428,170.18361793521927,15255365
2023-06-26,170.50636291503906,172.81174918523138,170.09139620059668,172.81174918523138,7231775
2023-06-27,171.56687927246094,172.3968128475823,170.41418593425703,170.5063929587352,6787438
2023-06-28,174.37942504882812,175.76265682635676,170.87523506489666,171.56685095366097,32476741
2023-06-30,174.42550659179688,176.73089269039826,173.36503461482428,173.45725568715235,9579059
2023-07-03,176.36203002929688,177.60694410494634,174.010533481381,175.20933702256946,7352149
2023-07-04,178.94407653808594,179.6356923860268,174.2871936810922,176.22372368371072,13258826
2023-07-05,178.34469604492188,179.58961039750014,177.37644496065286,178.89799443961505,6558910
2023-07-06,181.4338836669922,181.80273980972282,177.7452659558462,178.43688177668608,16276609
2023-07-07,177.60694885253906,182.35603853881966,177.19196810225674,181.4338841087877,12652336
2023-07-10,176.63870239257812,178.29858335472704,175.02493197095362,177.6530639293081,10238356
2023-07-11,177.42250061035156,177.9296883436251,175.94706201559887,177.65303920993412,11236383
2023-07-12,175.9470672607422,179.58957442854117,175.43987951234894,178.66742000272066,9191559
2023-07-13,173.27281188964844,176.86922261173652,172.3967679947285,176.86922261173652,10612659
2023-07-14,172.8578643798828,173.68781190207918,170.36804995521675,173.31894164633806,12369394
2023-07-17,171.98182678222656,174.24110265766663,171.33632139938112,173.78002537406815,9058800
2023-07-18,172.76565551757812,174.42552240225845,171.79739045420703,172.44289580613398,7177677
2023-07-19,177.5608673095703,181.2955961752106,175.39379841676507,176.13152489544103,31761232
2023-07-20,177.8835906982422,179.1285048545732,176.91533976660745,177.69916261940512,8936996
2023-07-21,179.91236877441406,181.06506202880945,177.14590496386518,177.79141037213407,11031250
2023-07-24,180.65005493164062,181.6644304763905,177.929702061034,180.28119877225552,9981788
2023-07-25,185.03030395507812,185.67582339379828,180.65006986326927,181.20336821904033,18028061
2023-07-26,185.90635681152344,186.41353054062108,184.43090395152672,185.81413573116316,13857423
2023-07-27,186.22909545898438,187.19736048256914,184.9841953466275,186.04466737614936,16013422
2023-07-28,193.65245056152344,194.0674172842487,183.96982803344727,186.13689679906793,39630520
2023-07-31,201.3524627685547,201.90574708660964,193.3297064826137,195.68120352949424,43494779
2023-08-01,207.62307739257812,209.00630912489635,201.81351537361033,202.45902070116665,63510580
2023-08-02,202.0440673828125,207.62309114938535,199.96921964685876,207.53088413703114,22647784
2023-08-03,202.96620178222656,206.19374238440034,200.9835612554579,202.0440473244626,29868065
2023-08-04,200.9835662841797,204.90272282773594,200.66082065846325,204.44164558731754,12879897
2023-08-07,200.9835662841797,204.1188999616011,200.70691712573654,202.59733662564403,12929354
2023-08-08,200.61473083496094,203.24286293414042,197.3410792757732,203.1506559191122,15314866
2023-08-09,201.67520141601562,202.59735598496948,199.60035363586945,201.44466277377717,12554174
2023-08-10,200.47637939453125,203.6578236242946,199.64644598648215,202.1362602815902,10970619
2023-08-11,199.16729736328125,202.43999943263094,198.8400214492068,200.9439013509316,7970536
2023-08-14,199.16729736328125,200.10235509738118,198.0452309359311,199.44781753708097,9283695
2023-08-16,203.32830810546875,203.79583698787627,198.279001882607,199.1205481638009,9687712
2023-08-17,201.7387237548828,205.52571076236833,201.17768335827384,205.19843481970477,11865239
2023-08-18,201.1776580810547,202.58024462849735,199.44780989991764,201.78545414565542,14101163
2023-08-21,204.5906524658203,205.29194582600854,201.69196753656894,203.0945542569454,13336739
2023-08-22,207.30230712890625,207.86334750446952,204.6374010146044,205.01141841974692,16930149
2023-08-23,207.30230712890625,208.42437361218333,206.69452527858726,208.42437361218333,13507905
2023-08-24,206.50750732421875,207.95683540510146,205.38542662336286,207.58281801671538,11182959
2023-08-25,203.74908447265625,207.44257411644563,203.0945468804902,207.44257411644563,7413549
2023-08-28,204.49713134765625,205.0581717165277,203.09454469332684,203.74908227844404,4851793
2023-08-29,206.7412872314453,207.34906910002132,204.0763667692431,204.9646688340272,8799235
2023-08-30,206.08673095703125,207.58282912634292,205.47894910141378,207.58282912634292,5490930
2023-08-31,205.99322509765625,207.25554449895105,204.54388273215577,207.25554449895105,18532999
2023-09-01,215.71783447265625,216.60613654088908,202.11274044831646,203.70235014371727,29859815
2023-09-04,220.48663330078125,221.14117091079504,215.5308240800772,218.5230062028901,21895573
2023-09-05,219.36456298828125,221.5151844885226,216.65288683969723,221.5151844885226,13952922
2023-09-06,216.8398895263672,220.53337910439103,213.56718735596067,220.2061031802107,14623019
2023-09-07,218.89703369140625,222.54375335435887,214.4555092021911,217.86846441834294,30334731
2023-09-08,224.64764404296875,227.7800934859837,219.73859042704538,220.67364825864982,28856420
2023-09-11,227.31256103515625,228.06059587452665,222.6840134264144,227.78008994368776,22493483
2023-09-12,219.8320770263672,229.0423870641029,218.89701930063674,228.34109376980507,21174310
2023-09-13,221.74893188476562,222.96450977046467,218.0087010166753,220.76713269617068,9151928
2023-09-14,222.4969940185547,223.66581623368458,220.62687847434688,222.4969940185547,7568464
2023-09-15,220.8606414794922,223.75932626128258,220.29961538059192,220.29961538059192,14098284
2023-09-18,225.5359344482422,226.42423648868856,220.72039257203068,221.60869461247705,11163399
2023-09-20,226.0502166748047,230.0242122109698,224.74114149944296,225.81645223150085,18936709
2023-09-21,223.4320526123047,227.1255279721276,221.70220428826073,224.46062187254117,10134737
2023-09-22,222.4969940185547,223.75932771803468,220.67363421652195,223.1047901311318,7209300
2023-09-25,224.0865936279297,224.6476340089733,221.74894915333059,223.61906473300988,8027642
2023-09-26,224.60084533691406,227.40601829516325,223.5255347433909,224.1800722467462,10681642
2023-09-27,223.75933837890625,224.88140490532123,222.40350739832775,224.32036450818876,9679279
2023-09-28,221.6554412841797,225.53592521841128,220.34635188059815,224.03984138726668,32887087
2023-09-29,229.60342407226562,235.16701460599484,223.94632206018196,223.99307779935918,35038887
2023-10-03,225.5359344482422,230.67875225570475,224.92815259631823,228.48137502595316,14885044
2023-10-04,219.87881469726562,225.34890800536505,216.46585976448966,225.34890800536505,25424437
2023-10-05,218.66326904296875,221.98271277019947,216.98016217398515,221.84245980938815,22472389
2023-10-06,220.25283813476562,222.0761977469075,218.47621999208167,219.03726030405508,8825123
2023-10-09,219.45803833007812,220.95413635035686,215.53079886165662,218.66324784943166,10659145
2023-10-10,220.58010864257812,221.46842488361492,218.56974026810707,219.6450509302012,11665907
2023-10-11,223.1982879638672,224.13334573855272,220.6736348257861,220.9073992694575,14313043
2023-10-12,225.9099578857422,226.98526859004878,223.10478463849134,223.43204628996122,13170027
2023-10-13,226.3307342529297,227.96708533720516,224.03984558851386,224.92814760926498,11880728
2023-10-16,227.6398162841797,229.08915871328261,225.3489275506168,227.07879017048955,6936948
2023-10-17,229.97747802734375,231.14630035343095,227.49958040317918,228.94892294109744,10084205
2023-10-18,226.28396606445312,230.77224593087146,225.90994868718843,229.9306854302533,6987265
2023-10-19,223.9463348388672,226.09697055310255,223.01127707336045,224.60087242115208,11485237
2023-10-20,225.34890747070312,226.4242181270132,222.12296123392454,223.43203631707146,9040953
2023-10-23,221.18789672851562,225.2553890697558,219.7385544731022,225.16189186260365,7058625
2023-10-25,216.9801483154297,220.954143653559,213.52043758051036,220.67362348200368,23949207
2023-10-26,216.6061248779297,218.14897874606575,212.9594053129702,215.85809008254765,17410264
2023-10-27,221.2346649169922,222.964513159065,216.9333936461785,216.9333936461785,10519462
2023-10-30,219.36456298828125,222.91777117190585,215.67107330775903,222.02946912599973,8812268
2023-10-31,220.48663330078125,221.79570852080883,218.38275323926206,219.27105530055576,6583581
2023-11-01,217.4944610595703,221.32818967403185,217.02693213576887,221.32818967403185,6718059
2023-11-02,219.9723358154297,220.3931089496046,218.569749189614,218.9905223237889,6057787
2023-11-03,221.24684143066406,222.09651414975113,220.2555469879775,220.2555469879775,6825146
2023-11-06,222.66299438476562,223.93750359019216,221.43567801960648,222.1909507370605,5338605
2023-11-07,225.77847290039062,226.15611646521924,222.0493309321857,223.08783272842814,7002346
2023-11-08,223.46543884277344,227.4306022279782,222.7573734380716,226.43932218589768,9777991
2023-11-09,224.64556884765625,226.2977216130497,222.8046015044865,223.93750337677335,13987058
2023-11-10,229.17718505859375,229.64922869414184,222.61578140560113,224.55116319247395,9589671
2023-11-13,231.9622344970703,236.58827066650812,229.696430858802,231.25416905940793,18792969
2023-11-15,233.47279357910156,235.03053187124402,232.19826995416386,235.03053187124402,10965645
2023-11-16,238.2404327392578,240.03419282307848,233.80321096394468,234.88891998783933,22145147
2023-11-17,237.53236389160156,238.9484948025476,236.9659057649717,238.85408031289975,5618928
2023-11-20,237.0131072998047,241.119878199233,236.30504186139,236.96590005611807,6283832
2023-11-21,236.0218048095703,238.66525190456304,233.4727721987525,238.47643734184092,6851869
2023-11-22,239.46774291992188,239.79817924412416,235.40817896903263,236.77710270170198,5275418
2023-11-23,238.61805725097656,241.4031118135319,237.62676273735423,239.79816633728208,8200025
2023-11-24,239.70375061035156,242.48881956415394,238.8540778348505,239.137306895227,7149443
2023-11-28,243.14967346191406,243.85773893945168,239.46773874097008,240.60065502953347,6151585
2023-11-29,243.95216369628906,245.0378583786089,241.78077433164938,245.0378583786089,8637363
2023-11-30,246.68997192382812,247.02040820351846,241.68632132710476,243.52730287734045,21687673
2023-12-01,253.91232299804688,260.0488912247731,247.11488205316854,247.68134026711866,29121320
2023-12-04,259.4351806640625,263.4003588814041,257.97185686144684,260.5680969579481,20464526
2023-12-05,269.48974609375,270.5282191317144,257.54701804456386,259.8128507378741,18883076
2023-12-06,265.3829650878906,272.1331840114384,263.3531830075595,271.8971621692776,13415314
2023-12-07,267.93194580078125,272.13314552153986,265.5717277129969,266.090992979063,25133786
2023-12-08,269.1120910644531,275.5790952576272,265.28854877213445,270.4338364205108,20815064
2023-12-11,271.2362976074219,272.3692140082169,268.49844991863824,270.05618836128576,8071675
2023-12-12,267.5543518066406,272.46361759846366,265.14694056543993,271.3779228977508,8640883
2023-12-13,277.6088562011719,278.41133616021585,268.592834102889,268.82885592547507,23629670
2023-12-14,278.88336181640625,281.8100379899432,277.18401632790386,281.10197256785796,24900443
2023-12-15,288.041015625,289.8347755747752,278.50572897250385,281.33799062307173,28843558
2023-12-18,286.2472839355469,289.4099533752507,284.8783458114525,288.89071687921944,13307504
2023-12-19,292.33660888671875,295.0272632901764,285.58639086489075,287.9466089712122,15650536
2023-12-20,281.0075988769531,295.82978205553246,278.6473804606991,295.02730203175406,23497233
2023-12-21,285.0671691894531,286.2000566524847,276.80640538892885,279.2610092977928,17868637
2023-12-22,285.86956787109375,291.6757266971198,282.84850637955617,287.00248393745306,15207726
2023-12-26,292.2894287109375,293.32793048495756,287.5689922938076,289.31555953039714,9917180
2023-12-27,288.9379577636719,294.79131158383694,286.5777390960671,294.1776604925123,12630732
2023-12-28,296.3489990234375,297.8595444723954,290.54286786491184,291.8173914878219,37591916
2023-12-29,293.75274658203125,296.7738373528837,290.92048478857845,296.7738373528837,12682889
2024-01-01,292.4309997558594,295.7824976716591,290.5900182571079,294.55519587999396,8024960
2024-01-02,288.8907470703125,293.42235510769524,285.16159028133825,293.42235510769524,13506040
2024-01-03,289.0794982910156,290.7788436449588,286.3416224934077,290.02358544570706,14259987
2024-01-04,299.3701171875,303.7601177895727,291.34537437099226,293.51676384389594,40057506
2024-01-05,297.34033203125,307.4420497164645,295.2161354249945,304.84580941992994,27456415
2024-01-08,298.75640869140625,300.5501686255278,295.1216671759791,298.75640869140625,10136462
2024-01-09,301.8718566894531,303.47681631832336,298.3787228201485,300.0780969232909,12229517
2024-01-10,295.82977294921875,301.87192614658585,290.7788999316605,301.77751165059,14455000
2024-01-11,295.4048767089844,299.5588545928614,294.88564027772026,297.3402727399559,10316319
2024-01-12,295.1688537597656,297.6706790473575,292.3838138400896,297.57629337749916,12341629
2024-01-15,299.5588684082031,300.219740997795,292.28941397897233,297.29306480443324,9706124
2024-01-16,294.0832214355469,299.5117239179045,292.808697699176,299.5117239179045,10162832
2024-01-17,292.00616455078125,296.5378004769181,289.9291899611503,292.4310153227256,13502940
2024-01-18,282.5653381347656,293.8943865674794,279.96909786893536,291.67580429841433,32481018
2024-01-19,291.2037658691406,292.1478532555716,284.8311760107315,286.8137364732281,28651237
2024-01-23,285.6808166503906,297.67070781796326,283.5093986199392,295.9241693992128,21652362
2024-01-24,291.581298828125,293.32786567883846,281.5739700725179,286.0111908487898,23922028
2024-01-25,297.1514892578125,299.46451475747625,291.9118160630759,292.6670744080123,32525422
2024-01-29,306.40350341796875,307.5364196349099,298.4731763331494,300.03091452300134,24694773
2024-01-30,297.8123779296875,305.8371207239308,296.9154833870031,303.85453144780683,20918448
2024-01-31,299.7477111816406,302.10792937992125,295.12168927526204,300.73899130041553,20931224
2024-02-01,303.9961242675781,308.669368137189,299.3701020518451,302.1551424253049,24020951
2024-02-02,313.90899658203125,315.0419127558519,305.0345825912865,305.8842553160244,32346639
2024-02-05,317.3077697753906,321.9809849547609,314.42828601960736,319.1015300102376,19651482
2024-02-06,318.5947570800781,320.31069559803586,313.6375561064101,320.31069559803586,12024661
2024-02-07,315.2581481933594,322.1219305055961,314.25715993834564,322.1219305055961,8080437
2024-02-08,315.44879150390625,319.595676344339,312.6842113078097,318.35639080240543,17754869
2024-02-09,309.7289733886719,319.3573654490851,304.67646551262766,317.4031006706812,18304439
2024-02-12,301.3875427246094,311.44493369630254,299.81459439131015,310.92059819015185,11714289
2024-02-13,306.53533935546875,308.8232955867087,301.1491696706163,303.6754231589908,15426888
2024-02-14,312.6842041015625,313.9711723454955,303.48481184208947,305.915729230849,14085723
2024-02-15,323.4089050292969,324.9818533546234,314.7338187811085,315.5441343100877,21973316
2024-02-16,321.9789123535156,326.9361122784451,321.0732605485046,325.9351241109213,20307449
2024-02-19,322.9322509765625,325.9351576025525,321.74061905413976,324.50519929564524,8496898
2024-02-20,329.5577392578125,330.3203720584349,322.0266021619284,324.6958751492596,19340526
2024-02-21,320.406005859375,331.797989892934,319.0713838883718,330.7970306878259,17751633
2024-02-22,323.6948547363281,324.36218019006014,315.162788392604,323.17054837451985,16083122
2024-02-23,321.9789123535156,324.12384959347247,319.214332396086,324.12384959347247,9665454
2024-02-26,321.8359069824219,322.69387601890605,318.9283080738281,322.2172233216846,7711995
2024-02-27,320.406005859375,322.21728061234916,318.4993947314913,320.406005859375,8882923
2024-02-28,317.7367248535156,320.7873142186282,316.3067665434771,320.0246814236382,12977628
2024-02-29,319.9292907714844,320.3106071042847,315.16276388005156,317.73667094588245,13149469
2024-03-01,327.46044921875,328.27076473693313,319.3573522220706,319.92934135799845,13027254
2024-03-04,337.3271484375,341.5693403493554,329.60536826484133,331.7503055854369,38075510
2024-03-05,341.521728515625,343.142359659918,337.041180593811,338.328148962211,15918221
2024-03-06,335.5158996582031,342.6656912767819,328.8904144546228,342.6656912767819,13120921
2024-03-07,335.75421142578125,337.37481333321415,333.3709476566958,335.5635386872243,9172926
2024-03-11,331.70263671875,336.65980750986506,330.5110049286878,335.80183843953483,10664917
2024-03-12,328.6520690917969,333.132616551108,326.55478536774166,331.7503119476296,9637912
2024-03-13,307.4410705566406,328.41379474965174,304.58115362123,327.79415189882866,23722232
2024-03-14,306.8213806152344,311.6832444777552,301.7211903780074,306.0587187606296,20859127
2024-03-15,301.530517578125,310.8252461897208,291.473156204659,307.5840133129101,43285007
2024-03-18,302.3408203125,307.8223266982901,300.24356575956807,302.29316667660964,13690352
2024-03-19,298.8136291503906,303.05582129106284,295.62004981562166,299.6239155744839,13388060
2024-03-20,299.0042724609375,302.6268509158834,293.9040820774771,301.24454626592393,10026655
2024-03-21,309.82427978515625,311.11124799662485,302.1978359750601,302.4361623441256,23370426
2024-03-22,309.5859375,311.96920106812934,306.1540321433792,309.34761114318707,14709219
2024-03-26,313.7328186035156,314.87676764855553,305.15306984914,305.15306984914,11208959
2024-03-27,316.1160888671875,318.49935246073903,311.0635525933144,316.4974052236411,45209520
2024-03-28,320.1199645996094,324.1238592032676,314.8767845242624,316.4020790919691,19868037
2024-04-01,326.3641662597656,328.3184310325626,320.45366011496276,323.1705867959218,8580656
2024-04-02,328.69970703125,329.4623688456532,324.8388316015551,326.9837688608464,9745257
2024-04-03,334.84857177734375,337.56549839177484,326.03049550989766,328.27076935311544,21679943
2024-04-04,338.0898132324219,345.7639404958352,336.1832021000326,338.42347599910545,28962927
2024-04-05,337.99444580078125,341.47403407173266,335.1345293649797,339.75806675470704,11208130
2024-04-08,346.5265197753906,348.9097833226767,336.75513923151783,338.99541278448123,11447140
2024-04-09,345.95458984375,349.7678121712481,343.523672247001,347.956537384202,10010148
2024-04-10,345.5732116699219,351.1500541457303,344.47691626520765,347.09850614684154,12886638
2024-04-12,344.8582458496094,357.01289031286444,344.14326676353556,345.5732249356832,30924494
2024-04-15,344.2862548828125,348.9097920993652,336.3261486161293,338.9000849489736,18126999
2024-04-16,342.4749755859375,345.04891188290276,338.0421111567844,344.14326008774793,15328939
2024-04-18,334.75323486328125,344.38162664473583,332.8943065141011,342.7609955882007,22966560
2024-04-19,334.1812438964844,335.94486495601234,326.98379873911165,327.07913511119517,12867942
2024-04-22,326.8884582519531,338.42346090701733,325.93515272827136,338.42346090701733,37382916
2024-04-23,330.9399719238281,332.36993005896716,327.9370656585507,329.84367650540275,14651106
2024-04-24,335.2298583984375,336.65981658505893,331.0829738387206,333.4662374830896,11132307
2024-04-25,342.4273376464844,343.7619594905899,332.7989465476369,334.61022112839254,19865014
2024-04-26,339.3767395019531,344.52458310285004,338.4234340539139,343.8572867447667,10986589
2024-04-29,346.0498962402344,346.66953899625423,340.28240960659383,342.9039997296259,13652173
2024-04-30,346.24053955078125,348.3854767418769,342.5226251454907,347.9088240327445,14566548
2024-05-02,351.8173522949219,355.2016039787771,346.2405388828888,346.2405388828888,27892188
2024-05-03,347.9088134765625,362.63736428631825,343.5236028670854,354.9155848141521,26844664
2024-05-06,340.139404296875,351.62675348449346,337.85147682435496,350.62576521411984,15319437
2024-05-07,332.8465881347656,341.71234617104994,330.65399726257954,341.5216734462628,10028071
2024-05-08,338.8524475097656,341.76001761253553,329.0810662530613,329.0810662530613,9595776
2024-05-09,329.8913269042969,341.28333823954534,328.74737786294804,339.8533801184299,9043486
2024-05-10,338.9001159667969,339.71043148593594,331.3213253651082,331.41666173663793,11699095
2024-05-13,334.5148620605469,339.37672546294056,330.3203240812048,338.90007275863866,10691781
2024-05-14,339.1860656738281,340.5683702060254,333.9428857266395,334.18121208787534,10891985
2024-05-15,344.4769287109375,346.5265296012057,339.99638147796406,340.80669692553244,8538183
2024-05-16,344.57232666015625,346.8602543208368,336.56453620890636,346.8602543208368,13114162
2024-05-17,348.385498046875,349.3864571602361,343.5236342978903,345.52558161718684,8509179
2024-05-21,354.6296081542969,356.6315553091662,348.29013307435406,349.8630811629757,10939593
2024-05-22,356.3932800292969,359.7298494013384,353.29503704097255,357.489575575881,14001806
2024-05-23,354.9156494140625,358.06157522703177,352.24640547509796,357.53723971191505,15370357
2024-05-24,357.44189453125,360.4924545534,351.4837353951282,355.5829372437504,13317821
2024-05-27,352.3893737792969,362.7327443175096,350.8164255160146,362.2084379272739,21891930
2024-05-28,348.3377990722656,355.82125253279617,347.0985136475597,355.2016098204432,10200096
2024-05-29,347.5751953125,349.2434799576302,343.1899841410712,344.6199424083257,18146672
2024-05-30,342.90399169921875,347.76582635765067,340.4730452774284,347.0031936131131,14425073
2024-05-31,342.2366943359375,349.52947601511,338.90012489255093,346.47891569384547,30515612
2024-06-03,373.505126953125,374.8397780833037,356.01199225595406,367.02266043187905,39261174
2024-06-04,315.7824401855469,373.600411717231,299.29026702194284,373.600411717231,84042244
2024-06-05,325.0771484375,326.26878021329725,300.5771874900787,324.12384301686217,46418629
2024-06-06,333.4186096191406,342.95166493348347,328.8904083448278,331.5596521958134,33171039
2024-06-07,343.761962890625,345.0965847479308,331.4643279819346,335.5635299206399,23930193
2024-06-10,347.8611755371094,352.8183758369218,344.9059226311664,347.9565119068318,16072588
2024-06-11,350.24444580078125,354.5820034165549,347.8611819764801,351.53141408441905,11235777
2024-06-12,353.96234130859375,356.53627794684496,348.3378443466642,352.29405658558045,12134524
2024-06-13,352.6754150390625,358.8242186456677,350.7688038569999,358.8242186456677,11243702
2024-06-14,351.24542236328125,353.53334973988905,349.0051486245418,352.7230342481014,10298434
2024-06-18,352.3893737792969,354.8679739085229,351.48375100592835,354.43897479463897,10228382
2024-06-19,345.5732116699219,353.5809713080346,344.66755989196486,352.53232953686654,8337334
2024-06-20,340.9497375488281,347.86120305816195,340.377748377816,345.57327546669114,14338604
2024-06-21,342.99932861328125,346.00226439926183,340.09175829432684,343.14234772124365,17931844
2024-06-24,345.8115539550781,347.6228285018691,338.9477430389954,340.90203667815894,9335598
2024-06-25,344.0002746582031,347.6705064294206,341.04502196868106,347.24150734337405,14983828
2024-06-26,348.0041809082031,349.76780200191007,342.8563367342674,346.04991615921074,15918394
2024-06-27,359.5391540527344,363.30472231575226,347.09852924187913,348.0041519875216,55378829
2024-06-28,360.6831359863281,371.3124863231485,359.11018775495035,360.30181961092967,25141039
2024-07-01,352.48468017578125,364.16267160824464,350.62572296378863,363.92434525248007,23389211
2024-07-02,353.1043395996094,355.20162326666025,348.0994858916041,355.20162326666025,13702830
2024-07-03,355.249267578125,356.7745621057088,351.43604580545207,353.247320328957,9207317
2024-07-04,355.5352783203125,363.0663855378561,354.39130014616035,356.4409010399906,14916930
2024-07-05,362.0653991699219,363.4477037128757,353.67632282616887,356.8699019100951,15946104
2024-07-08,359.8251647949219,363.44771397919294,358.5858502163006,363.06639760599194,8898299
2024-07-09,359.44384765625,362.49443706741806,357.5372365474141,361.49347787230994,8355819
2024-07-10,363.5906982421875,365.87862553784595,352.7230217683793,361.11209821665165,17715196
2024-07-11,359.491455078125,365.40193082175944,357.10819169136016,364.54396182103824,19873143
2024-07-12,359.5391540527344,361.6840913713352,354.62963667534063,361.2551213631596,16151583
2024-07-15,367.64227294921875,370.7881986633759,359.3008495362337,360.92148057921554,22951140
2024-07-16,362.68505859375,370.59748194092595,362.25605951781824,368.59553474086556,11893034
2024-07-18,360.11114501953125,365.0206624223283,356.7269222030353,365.0206624223283,15709153
2024-07-19,347.6228332519531,360.34946707428185,345.9545486821648,360.1111407071692,13330099
2024-07-22,356.0596008300781,359.6344964207415,345.4302504256871,347.71817778519676,18715538
2024-07-23,364.5917053222656,367.6422655103149,344.66759681347804,359.1101986189316,49882257
2024-07-24,374.26776123046875,376.5556887104473,363.8767366516577,366.1646641316363,36868466
2024-07-25,373.8387451171875,377.79495711426136,368.2142484990822,372.6947959754538,25973101
2024-07-26,377.794921875,380.84551082022597,371.50312945090144,376.5079828471622,20381410
2024-07-29,375.5069885253906,389.2345803675826,374.31535678400985,385.1353788142615,27751449
2024-07-30,387.94769287109375,393.4291996092578,378.4622913132404,378.4622913132404,34447139
2024-07-31,396.5751037597656,397.90972569428806,389.47296586549896,390.3786177635193,29727771
2024-08-01,403.6772155761719,404.53518468632683,396.1937617687037,400.29296367976303,28803487
2024-08-02,400.102294921875,406.39408739639924,394.0487997088912,396.81337959808707,24233263
2024-08-05,393.9534912109375,396.2414185537202,385.75505823110603,388.6149746827281,42489503
2024-08-06,395.62176513671875,405.1071660824479,393.9534805849374,393.9534805849374,18230579
2024-08-07,399.9935302734375,404.5094431491151,398.74446296171675,404.5094431491151,15556736
2024-08-08,391.73040771484375,400.666115099696,389.90480723384377,400.0415814561878,16447385
2024-08-09,394.56488037109375,400.04162374868645,392.2108641855873,397.59148936514947,10954753
2024-08-12,385.14874267578125,393.94033202606795,384.42812011719695,393.94033202606795,26254763
2024-08-13,380.6808776855469,388.6557553747369,379.52786989622024,387.21451029918165,11355664
2024-08-14,380.82501220703125,384.3320361726653,378.2307592339828,383.275117208749,9424614
2024-08-16,382.4584045410156,385.2448352520981,377.8944616261004,382.4584045410156,13844122
2024-08-19,387.31060791015625,391.53825436276065,385.72524415570547,386.5419262591875,10677045
2024-08-20,390.3371887207031,392.2108189554444,387.3105800756789,388.7037659867131,10126083
2024-08-21,392.93145751953125,393.6520800512417,389.32834486097903,391.5382422293421,9726854
2024-08-22,387.5508117675781,393.98835559622273,386.4938928338584,393.7481480804777,10445288
2024-08-23,386.20562744140625,390.0008883206909,383.8996120002865,387.5507835672566,11513586
2024-08-26,398.600341796875,399.65726068897834,386.2056403369135,386.6860553494873,13772637
2024-08-27,393.6040344238281,399.89748900943385,393.07558961137426,399.22489622794086,8441188
2024-08-28,393.027587890625,398.16803540758985,391.39419411772957,393.9884181060498,15884745
2024-08-29,393.8442687988281,396.438521907538,387.9351692981098,393.02755731481136,19014705
2024-08-30,399.8974914550781,402.779981698179,395.38157834533723,396.53458617146043,22633988
2024-09-02,393.9403076171875,402.68386665069295,391.730410303339,401.43477003321783,11107165
2024-09-03,390.4813537597656,395.4296229988296,389.7127013949004,394.420763104668,7538160
2024-09-04,389.2322692871094,392.25887815923033,384.235941167711,384.3320300396623,11052003
2024-09-05,387.4547424316406,392.40301164103147,386.1095861400889,389.47249153007215,14246871
2024-09-06,379.335693359375,388.79987524995437,377.3179737049684,387.4547190396146,17956121
2024-09-09,374.57958984375,377.3659910423845,370.2077956514635,375.8767162375538,12293356
2024-09-10,380.7769470214844,383.75552611864373,374.48352175865654,374.8198181493725,15852309
2024-09-11,374.3874206542969,383.6594247113386,372.32164192483253,383.3711874271179,11492592
2024-09-12,388.9920654296875,390.3372216830461,375.3482665059757,375.68456289986716,24028069
2024-09-13,385.6771545410156,391.34604565313725,383.70746477804096,388.99202975619244,12017217
2024-09-16,394.9972229003906,395.86196404478534,386.25366394661097,386.68604917991075,11479712
2024-09-17,399.9935302734375,401.29065668004324,394.0364016731159,395.7178542277737,14432501
2024-09-18,397.9277648925781,403.3084191120582,396.8228161841097,402.10738153280846,10303840
2024-09-19,407.3439025878906,414.9344539537507,404.0770570310093,407.391932360466,59601773
2024-09-20,407.3439025878906,413.0127938954466,400.2337369144011,411.28328224964963,36084164
2024-09-23,411.57159423828125,413.6373731643233,408.3528074212251,410.75488275899704,14139629
2024-09-24,411.33135986328125,414.550146470297,410.2744409191886,414.550146470297,12539885
2024-09-25,419.0179748535156,419.8827160014345,408.97728948112103,411.3313347436495,19443168
2024-09-26,417.5767517089844,420.795538288058,413.6853723561796,420.795538288058,20041825
2024-09-27,419.7866516113281,425.16730586639505,416.51983523860395,418.92191041299037,53885913
2024-09-30,425.8399353027344,430.8842936031918,416.61595997459904,419.78668774886,20903229
2024-10-01,422.861328125,430.21167244300176,421.61223141570485,428.5302197868873,15984996
2024-10-03,418.29736328125,425.1672921946432,415.0785767866347,415.0785767866347,13563784
2024-10-04,413.58929443359375,422.1406757594696,409.60182638708625,415.9433103926612,18347292
2024-10-07,399.1768493652344,416.039404733519,393.0275136896996,413.7334185162963,23431004
2024-10-08,404.46142578125,410.94702869098626,395.1893922377137,397.7836451304908,18706355
2024-10-09,402.059326171875,408.11254345719044,400.6661109397255,407.82430618539627,13916492
2024-10-10,406.14288330078125,413.0608422281992,404.02904541278286,404.22122315613063,15866037
2024-10-11,405.95068359375,409.93812231372095,403.16428239920435,407.34389885212545,8639087
2024-10-14,407.8723449707031,409.3135900059353,403.5486098650066,407.96843383749297,8483177
2024-10-15,409.89013671875,410.4666406575297,406.95958724754024,409.9381664960615,9365964
2024-10-16,407.6321716308594,412.58044080212534,404.7496813187967,408.6410315111982,6219440
2024-10-17,401.3867492675781,408.92927094710126,400.28180058586076,407.0556406399501,11968387
2024-10-18,408.30474853515625,409.26557860176706,398.2160328357425,401.3387305522277,8828971
2024-10-21,408.3527526855469,411.95586520924286,402.68386151270613,409.3616124632998,9139781
2024-10-22,399.4650573730469,409.60180176030656,397.25516018561314,406.28695597915595,14242323
2024-10-23,392.3069152832031,398.50428111257094,385.9654601265195,397.7836585427471,22522821
2024-10-24,395.7658996582031,398.9846862546203,390.86566044060453,393.21970583914117,9400171
2024-10-25,383.2751159667969,391.53826058217504,376.2610680582568,386.73411014558394,19642277
2024-10-28,388.0792236328125,390.5773874489563,382.21815488168374,383.27507372569124,11716022
2024-10-29,396.006103515625,398.07188228097175,388.60772964412655,392.9794946899117,20284308
2024-10-30,392.49908447265625,398.55230219830895,389.9048315489726,397.9277685158538,12264297
2024-10-31,394.57757568359375,396.9944419189493,390.08221038638476,395.3993161041669,12204072
2024-11-01,397.67120361328125,401.63487041239284,396.7044570526572,398.2995829771342,2145479
2024-11-04,387.6170654296875,400.5231090825983,380.6081525008754,400.08809080936567,13866505
2024-11-05,389.6955261230469,390.66227263811135,383.94337255730824,386.6986060257945,6665326
2024-11-06,395.3026428222656,397.1394552943553,389.7438503787435,393.1758181977058,9700643
2024-11-07,390.3722229003906,397.2361289158033,388.63209101040394,397.2361289158033,7589295
2024-11-08,384.4267272949219,390.75893436519493,382.3965538105384,389.74383287162277,7536509
2024-11-11,379.496337890625,387.5686773026435,378.77127799438557,384.91012434976545,12243693
2024-11-12,367.6536865234375,381.67151094022915,366.4452533840589,380.07638509680186,10549517
2024-11-13,368.6687927246094,374.71095849791567,366.7352996771514,371.2306651119387,20602407
2024-11-14,360.1130676269531,372.3907598545337,359.00131506369064,367.4119918274149,15086601
2024-11-18,354.5059814453125,367.3636991131677,350.5906401083689,367.3636991131677,16383636
2024-11-19,354.5059814453125,365.9135792482473,352.91082599168874,355.7627401938045,17055094
2024-11-21,344.3067626953125,352.2340958567601,343.0016490098256,351.6057165275293,21276150
2024-11-22,353.29754638671875,354.89267232928063,343.8717673137683,345.17685158319637,15949254
2024-11-25,356.1494445800781,364.656832434369,355.27937853320293,361.5632314868514,18388844
2024-11-26,349.6239013671875,358.0829341021321,348.27046203014936,357.69624136337336,11222231
2024-11-27,357.01947021484375,359.2430048637975,349.33385325084475,351.7023644713081,14225274
2024-11-28,350.01055908203125,359.48469249879605,347.6420478549115,357.406193421034,16837860
2024-11-29,351.5573425292969,353.2491488258794,348.2220849605476,351.17064984777295,14280017
2024-12-02,346.2886047363281,351.79904203112784,345.1284971464958,351.55735540847627,12510350
2024-12-03,355.23101806640625,357.6962098738917,346.288612819559,347.0619982289922,14205760
2024-12-04,360.35479736328125,362.67498331697874,355.7627509850771,356.681172061824,22035954
2024-12-05,356.8744812011719,361.51488231902454,352.2824351122292,360.35477466387056,18758283
2024-12-06,357.2128601074219,358.8563410889947,355.8110657700354,357.16453457969027,9736086
2024-12-09,357.55120849609375,360.8864663087112,355.5210348911999,358.56628054715935,10878679
2024-12-10,356.8744812011719,358.85632932016296,354.21592820231035,356.72947511996847,7913822
2024-12-11,353.3458557128906,358.42127498099643,352.5724702921891,356.9711551901091,9998662
2024-12-12,343.77508544921875,354.7959904228358,341.26153847210094,353.8292438549262,22538216
2024-12-13,345.2735290527344,346.38528169956027,336.47612942944636,343.920089765174,14269143
2024-12-16,341.1648254394531,346.9653042947663,340.00474737004714,345.27349796196665,12168143
2024-12-17,337.44287109375,342.083272230146,335.7027391068286,340.2947852141214,15646176
2024-12-18,330.3856201171875,339.32802534347564,328.69381372302485,337.9262311014932,14672392
2024-12-19,326.1802673339844,329.27386797430245,323.9084071296348,325.7935746296352,14513129
2024-12-20,322.16827392578125,332.46411833973616,319.99309428187127,326.56695873791665,20375797
2024-12-23,322.5549621582031,327.00200193578314,319.5097165994865,324.73014177196666,8884187
2024-12-24,324.1501159667969,325.64859086511586,320.7181774142609,323.95678435275727,7755462
2024-12-26,323.5216979980469,326.1802507717542,321.2015123869999,324.15007729855284,9030212
2024-12-27,323.8600769042969,328.69380939540576,323.08669150682414,325.45520272581047,9090597
2024-12-30,320.3797912597656,325.6002165742575,316.5128051745475,323.8600846370144,36657549
2024-12-31,322.2649841308594,323.4734173775607,315.3527518602808,319.12305768943594,8580998
2025-01-01,322.5549621582031,323.52170865320915,317.8662357568717,321.92658283700155,7843971
2025-01-02,326.7603454589844,327.34039931005617,319.02637278539896,322.5549919171694,16543382
2025-01-03,328.548828125,333.04419378055627,325.84192002396406,326.80866659517034,8689629
2025-01-06,316.6094665527344,330.3372781249801,315.5943945679444,330.3372781249801,10538077
2025-01-07,317.67291259765625,319.3647190088551,314.28929977525866,316.1261122640077,13891401
2025-01-08,314.5793151855469,319.50972839261175,311.14737680270713,319.50972839261175,8993608
2025-01-09,309.6972351074219,315.11102119701246,309.1655068514849,313.2741793163801,12403467
2025-01-10,297.9996032714844,310.3256209250494,297.37122395832546,309.6972416118905,15941143
2025-01-13,288.2837829589844,299.64305294927647,286.97866944252684,291.08734156667504,29630336
2025-01-14,300.078125,302.30165977985166,290.2173278331477,290.4590144720818,22732888
2025-01-15,310.66400146484375,313.51588600969205,302.15661434988056,302.15661434988056,21894626
2025-01-16,314.6759948730469,316.41612682239185,310.95401483958733,313.90260945172975,14865186
2025-01-17,315.30438232421875,318.0596159005053,312.59750377723475,314.48264185371033,7129232
2025-01-20,324.8751525878906,325.79357357265724,313.7575677330373,315.3527230752912,17991880
2025-01-21,313.5158996582031,327.00202605954723,313.03252637504045,326.56697830359525,12774630
2025-01-22,311.6790466308594,316.12608615934096,306.7969889056494,316.12608615934096,11068145
2025-01-23,312.8875427246094,314.289337147395,308.9238756179287,310.3256700407143,6477347
2025-01-24,312.8875427246094,318.92970919736473,311.38909724047244,313.9992954550431,7492600
2025-01-27,311.4857482910156,314.24095233932104,304.52516137281737,312.88751307821667,13803855
2025-01-28,307.6670837402344,313.0808702187769,297.90293786866414,311.77575650031605,22008929
2025-01-29,310.56732177734375,312.16244764623127,302.8816750871184,309.35888861867704,16056888
2025-01-30,312.2591247558594,315.9327497165881,310.4706378002037,311.5340648686554,10375720
2025-01-31,315.6691589355469,317.8613058725993,309.384992489505,314.159025160958,13195557
2025-02-01,309.5311584472656,322.2943012327426,308.60557340577117,317.66643549106175,10097627
2025-02-03,303.2469787597656,305.97497181609333,296.1833945155622,302.1265541020915,15881217
2025-02-04,310.8951416015625,312.2104356494708,302.3213939161228,306.75441980108087,12141064
2025-02-05,311.3822937011719,314.7435677661699,310.21313679767115,312.7462902666593,12226722
2025-02-06,304.75714111328125,314.402611877744,303.3931444568907,314.30517717380957,13384442
2025-02-07,308.8004150390625,311.04126425092375,304.07511502320597,305.4391114883777,8937447
2025-02-10,302.5162658691406,308.7029973818034,301.0548346330578,308.36199081347183,6806132
2025-02-11,297.7422790527344,304.3187199672192,296.3295502223903,304.3187199672192,13241830
2025-02-12,298.37554931640625,299.5934087013712,292.2862523915816,298.3268468341657,7616083
2025-02-13,298.8139953613281,300.6651357094654,295.3065543300232,298.2781193836465,9086906
2025-02-14,292.62725830078125,300.32412364968485,290.67868328926664,298.96012708820365,7446248
2025-02-17,294.5758361816406,295.40398651618,285.27137257129044,289.8505357861115,6464173
2025-02-18,303.1982727050781,304.36739982991213,289.8505224664086,293.40666578706475,15793327
2025-02-19,306.7056884765625,308.2158519185008,302.61369887807547,303.19827731582916,13079903
2025-02-20,316.7895812988281,318.7381563395503,303.4905625924784,304.5135525956993,22888146
2025-02-21,317.86126708984375,321.27127302030954,313.28210437577576,314.98710734100865,10809296
2025-02-24,311.8694152832031,317.03312681861235,311.23613439420285,313.81799016190746,6034113
2025-02-25,310.50543212890625,313.2334251829092,307.63127216641857,311.8694286559077,10686112
2025-02-27,307.58258056640625,311.08999183623087,306.4134236545345,307.24157398936904,7302366
2025-02-28,303.44183349609375,307.5338228829829,298.66780127871704,305.92625456195884,21127180
2025-03-03,306.3159484863281,309.6285196551184,299.78824083401315,303.29565164044317,9779703
2025-03-04,305.6827087402344,306.80313343923706,300.0805555123257,303.29569242822816,8734999
2025-03-05,317.8125915527344,318.8842840068403,305.4391285201632,305.48783100157,10493615
2025-03-06,329.2117004394531,330.08855313669676,314.8896937634298,320.5405486860146,26294903
2025-03-07,321.076416015625,330.0398724142012,320.2482954726346,327.2144447666804,8992315
2025-03-10,320.9302673339844,326.3375803064068,317.90997041239154,320.9789995442844,11383132
2025-03-11,321.80712890625,324.6812887417573,315.3768556012048,318.59199225372737,10299324
2025-03-12,321.6609802246094,326.1914107029773,318.0074024625559,322.4891304639199,6984859
2025-03-13,323.3659973144531,325.9478530992446,320.0047234661789,323.46343200561176,8965150
2025-03-17,323.1224365234375,325.8991617856791,322.00201186895947,324.38902808610794,4353561
2025-03-18,323.1224365234375,323.1224365234375,323.1224365234375,323.1224365234375,0
2025-03-19,332.5243225097656,335.057476037498,327.7016170699998,330.28347308113456,30582397
2025-03-20,332.9627380371094,335.8368979250275,331.5500093329679,335.8368979250275,15002119
2025-03-21,342.2671813964844,344.75163232158565,332.96274781308057,333.20631968419474,36406837
2025-03-24,357.51483154296875,358.5378215864017,344.55678917307,347.820658441156,24588471
2025-03-25,357.51483154296875,361.8991255569329,354.7868085389864,359.51210914506044,23189083
2025-03-26,345.5310363769531,359.51206715743194,344.21574237979854,357.5147897886035,18668095
2025-03-27,351.3768005371094,355.0791110834549,341.97493158401426,344.80035954510913,37930538
2025-03-28,348.40521240234375,354.93292074620217,347.28478773532055,352.6920714121557,11327077
2025-04-01,343.0953063964844,353.56889608181143,341.82874465327615,343.290175772159,18736320
2025-04-02,342.70562744140625,344.36192808126043,338.1264643073824,343.09533649404995,13593404
2025-04-03,349.6717834472656,352.058799753951,342.7056336564081,342.7056336564081,10317410
2025-04-04,341.39031982421875,349.6230607492348,339.5878820777657,349.6230607492348,10872963
2025-04-07,340.8057556152344,342.3646215618517,315.66915000777334,319.5663000078693,18025165
2025-04-08,343.8747863769531,349.03849825419917,341.00062634743813,347.6745016953884,17506712
2025-04-09,340.3673400878906,345.67718906100674,339.24691542258313,344.8977709632871,7462119
2025-04-11,350.8409118652344,352.2049083298919,341.97489024562117,341.97489024562117,11246077
2025-04-15,353.17919921875,358.9762214163254,352.25361425177806,357.5634927262931,17497327
2025-04-16,350.06146240234375,353.66633779367334,348.69746594420843,353.1791940777041,11541484
2025-04-17,354.640625,356.05335366856923,348.0641848385989,350.0127597012363,12288196
2025-04-21,355.1764831542969,358.732656184675,352.497192627948,356.3943424844555,7375594
2025-04-22,350.987060546875,357.6122034398902,350.4512143323274,357.6122034398902,12077119
2025-04-23,354.44580078125,354.8842420743632,348.6975101506468,353.6176801454308,9719205
2025-04-24,353.8612365722656,357.0276709891354,352.30237060507375,354.3970828111932,7491123
2025-04-25,347.2847595214844,356.3943230274272,342.0723159263955,353.861199545306,9785640
2025-04-28,352.2049255371094,353.56892206840587,344.6054950535328,344.6054950535328,5315840
2025-04-29,347.77191162109375,354.9816326894661,344.9951864863246,354.640626140829,9472828
2025-04-30,345.4336242675781,351.7177905909625,342.9492030139025,347.8206405567136,16739088
2025-05-02,339.7340393066406,348.7949005277519,338.66231718525614,345.4335969954307,8221620
2025-05-05,339.6366271972656,342.94919873850176,336.66503249345936,341.97491124208557,9492646
2025-05-06,333.0114440917969,340.5134694755459,331.25773854559543,340.02632574239055,8904223
2025-05-07,333.2550354003906,334.86263359990505,328.33489530164,329.3091828247903,8465490
2025-05-08,331.2577209472656,334.2780178789515,329.6988551374059,332.28071083938704,14286109
2025-05-09,326.1427001953125,330.03984971220945,322.09941351811017,325.60685402989566,11322011
2025-05-12,339.587890625,340.22120127585947,329.40660425783733,331.64745357768135,7978210
2025-05-13,332.7191467285156,340.80572024633017,331.74485932960346,339.6365932073706,14738980
2025-05-14,329.8450012207031,335.0087424971646,329.06558316114706,333.64474602649494,22485535
2025-05-15,333.1575927734375,334.9112982237066,324.09670199266805,330.7705767183953,43307763
2025-05-16,334.27801513671875,338.6623084662309,333.20629304292623,334.1805804494845,6920351
2025-05-19,336.2752990722656,338.75974984782056,333.59600865128397,334.27802174250905,6218209
2025-05-20,333.7908935546875,340.708340546268,332.76787387026775,337.980317787376,9986143
2025-05-21,337.2496337890625,338.4674932421018,331.11163403890316,333.74219261773,5930972
2025-05-22,332.6217346191406,338.0777503699608,329.5527350508336,337.2496000780954,8717514
2025-05-23,335.73944091796875,336.08044745143036,331.4038501344387,333.20628775454304,4045937
2025-05-26,334.6677551269531,342.1697807449365,333.74217011190115,341.97491135243246,16655082
2025-05-27,329.8450012207031,335.6420233871655,328.1399981991428,335.15487966671975,24937330
2025-05-28,331.3064270019531,331.93973761456283,328.4322969377317,329.8937280753369,10985957
2025-05-29,330.6244201660156,333.44984755150284,329.35782876363135,332.2319883566471,15884093
2025-05-30,325.3145751953125,331.9884502069465,324.2915852609797,328.8220159790005,19143010
2025-06-02,323.999267578125,326.1914142592568,321.8071208969932,325.3145615333826,29479727
2025-06-03,319.80987548828125,326.14274430983136,318.59201609952163,324.4377411655679,14081719
2025-06-04,320.7841796875,321.466192873844,316.4973203626291,320.5406077970767,15654279
2025-06-05,320.1995849609375,323.07374501529193,319.1765949662122,320.7354609324231,16270360
2025-06-06,324.2915954589844,324.9248763779097,320.5892851747618,321.1738636125753,11402511
2025-06-09,328.43231201171875,328.8707235333864,324.19415557156725,325.3145802152433,19416373
2025-06-10,330.47833251953125,332.13460343293355,328.1400187287834,330.0885937324766,12061248
2025-06-11,329.4065856933594,333.7908791238844,328.7733048110843,332.232013290897,10807496
2025-06-12,325.1197204589844,332.8652875251476,324.09670083922475,329.4552815917332,11881618
2025-06-13,323.41473388671875,324.34028913297107,318.2022900348364,318.39712968688724,11711773
2025-06-16,325.1197204589844,326.04527565831876,322.0994235428103,323.4634199695977,8065112
2025-06-17,326.5811767578125,328.23744764203144,324.53516709340613,325.412019883039,6796992
2025-06-18,323.8531799316406,327.26318640147747,322.24561139958263,326.5812029472482,17835507
2025-06-19,321.5635681152344,324.58386522383717,320.1021369078034,323.85314962012166,11610604
2025-06-20,326.5811767578125,327.36059485239855,321.22259559207384,321.51486994431997,16592862
2025-06-23,324.04803466796875,327.06833192253436,321.8558877508818,325.1197568851237,8277787
2025-06-24,321.4661865234375,323.1711897227192,313.0873077118169,322.489176549848,100814893
2025-06-25,322.343017578125,325.1197428330004,320.9302888439042,322.97629849133307,17963666
2025-06-26,328.4809875488281,329.11426840566673,322.7814003714975,323.85312244693523,13754087
2025-06-27,329.6014404296875,332.52430285052264,325.85045744259764,330.23475107385036,50845169
2025-06-30,326.28887939453125,328.57846097727514,325.0710200135925,327.11702972014865,11858890
2025-07-01,324.04803466796875,326.62989064595877,323.60959339139316,326.62989064595877,8903292
2025-07-02,325.1684265136719,327.0195666655982,322.78141044086397,324.09670440480113,11326880
2025-07-03,325.9966125488281,327.701615721434,322.4891715043168,325.9966125488281,15786429
2025-07-04,326.87347412109375,327.36061789772725,323.7070395729758,327.06834352490574,5899185
2025-07-07,328.7733154296875,330.28344910026277,325.16843993278087,326.8734429886082,9454556
2025-07-08,334.3754577636719,335.0574411247211,328.3348638064204,329.5040206152087,12092302
2025-07-09,335.1548767089844,336.71374254723264,333.98571989707494,334.4241611347642,9079872
2025-07-10,332.67047119140625,336.1291798444743,332.4268993219537,335.1548923666643,6426072
2025-07-11,333.8883361816406,335.1548980310419,330.7706043067986,331.7448918010749,17234194
2025-07-14,333.30377197265625,336.129199880142,331.20905971708385,334.2293272920089,11516965
2025-07-15,333.206298828125,335.252308363999,332.18330892663425,334.32672341854163,8450777
2025-07-16,333.6447448730469,334.96000912738907,332.03714681481887,333.20630363300415,6001484
2025-07-17,333.839599609375,335.6420373968367,333.20631869294095,335.34976304552697,7562006
2025-07-18,333.30377197265625,335.0574776440899,331.8910431524654,334.18062480837307,6370338
2025-07-21,332.76788330078125,333.98574267420366,330.5757364286209,333.303759264824,4463318
2025-07-22,332.0859069824219,333.79091014162015,331.3064591270511,332.7678904063639,4728372
2025-07-23,334.22930908203125,335.15489408385076,332.18332915446274,333.0114497285289,5058422
2025-07-24,330.18603515625,334.7651984013802,327.8477510507583,334.7651984013802,9098453
2025-07-25,324.6325988769531,331.16030712602645,323.99928823127567,330.1860196500847,7790739
2025-07-28,324.3890380859375,327.9451815479893,321.8558846154022,324.87618184054446,4605823
2025-07-29,325.9966125488281,326.873465376732,320.0534526863084,323.4634590315202,7551356
2025-07-30,330.08856201171875,333.49856794048816,323.95056323309075,326.3862817536403,12537358
2025-07-31,325.65557861328125,331.35516611524565,324.4377193065749,327.4092841217811,8935384
2025-08-01,322.3917236328125,326.14273640586663,321.7097402313719,324.43773330292333,7107542
2025-08-04,323.46343994140625,324.7300017588626,318.7868719799893,322.39171777815415,8193399
2025-08-05,325.0223083496094,325.7530239575299,322.78142931225005,323.90188369737683,9855535
2025-08-06,323.5609130859375,326.7760502248769,323.0737692931953,325.02234446416406,13872826
2025-08-07,321.27130126953125,323.9018893974965,320.19957907914187,323.560882827887,8731389
2025-08-08,326.1427001953125,328.82199048817915,321.17382861469065,321.5148351439974,11247218
2025-08-11,327.5067443847656,330.3809044661656,325.3633296773396,326.3863196816912,11993280
2025-08-12,331.3551940917969,333.0601972651404,327.1170374000495,327.604181163862,7221182
2025-08-13,331.2090148925781,334.18057958170766,330.4295671296203,331.54999169767444,5417151
2025-08-14,330.6244201660156,331.69614220406675,327.6528258908333,331.20899852612445,5689423
2025-08-18,327.4093017578125,333.01145487042396,326.8247530454211,332.6704780324939,6511340
2025-08-19,326.43499755859375,331.89101321396157,325.55814480197415,330.18601017996497,10316115
2025-08-20,333.206298828125,334.57029527441017,327.84771799901773,329.11427975637696,10824544
2025-08-21,330.08856201171875,335.49587496707403,328.23742188267954,333.5473001506344,11135121
2025-08-22,328.33489990234375,330.1860402756887,326.8734685971404,329.79633120754704,8534844
2025-08-25,329.16302490234375,332.6217334984358,328.38357709319916,328.38357709319916,7142387
2025-08-26,324.6325988769531,328.72458843617204,323.21987014367994,327.50672909124484,13113388
2025-08-28,322.2942810058594,324.34029062561814,320.24830111899445,322.73272225755545,10486948
2025-08-29,319.1278381347656,322.976285404538,318.59199193750806,322.4891416859791,11813425
2025-09-01,322.1968688964844,323.07372164752593,319.56628091046656,319.56628091046656,6897558
2025-09-02,327.6528625488281,329.55273499851813,322.5865855711445,322.5865855711445,9224639
2025-09-03,325.65557861328125,329.3091565334003,324.92486302925744,327.8477253653527,10778333
2025-09-04,324.8190612792969,329.5922001613107,324.0809479480754,328.21439461647896,7934237
2025-09-05,323.4904479980469,326.54129209246787,320.7840327289342,324.8190278303053,5678244
2025-09-08,321.52215576171875,325.70479766845176,321.1776968920301,323.5396533737569,5239184
2025-09-09,318.9633483886719,322.94914796612073,318.52046842055296,322.40787692411345,9735495
2025-09-10,320.4888000488281,322.85075668455676,319.9967244983052,320.3411833904529,6509477
2025-09-11,325.8031921386719,328.21437421770185,320.8332413642303,321.27612134900113,10309925
2025-09-12,326.44293212890625,328.2143920966744,323.1952154761205,326.7381654455649,5257048
2025-09-15,325.8524169921875,328.5096067932287,325.40953700839407,325.75399588091045,6566824
2025-09-16,329.73980712890625,330.47792043843276,325.9508495004629,325.9508495004629,8784889
2025-09-17,331.06842041015625,332.1017970741923,329.2477348882994,330.1826904366309,7936518
2025-09-18,331.6097412109375,332.2494334501217,328.80490443338095,331.6589367547557,6497322
2025-09-19,333.28277587890625,334.1193103504831,331.1176614021352,331.6097369696617,10646331
2025-09-22,333.8240661621094,334.95583392381485,331.5113050632019,333.77484058661287,6966213
2025-09-23,337.5638427734375,338.6464150398427,332.7415081691703,334.0701182218535,10738268
2025-09-24,342.0909423828125,344.8465535621512,336.82572777530635,337.859074459081,14653575
2025-09-25,335.1034240722656,345.2401676180112,334.6113485596779,343.7639410802479,13228081
2025-09-26,332.54461669921875,335.3494530543635,331.11761577039425,335.103415304507,6337702
2025-09-29,335.54632568359375,338.301936718208,332.64306795855805,333.72564016283786,16922231
2025-09-30,335.05426025390625,337.61302913447474,333.77484577971336,335.6939524740484,8308029
2025-10-01,334.8573913574219,337.6130022558381,332.692247055876,334.906586895859,6022078
2025-10-03,336.57965087890625,338.0558774178488,333.3811600445307,334.85738658347327,8506827
2025-10-06,333.7256164550781,336.3828061852815,330.33028342692836,335.2018429831596,8436245
2025-10-07,332.64306640625,335.98917408521186,331.511298666383,333.7256386054779,16130172
2025-10-08,328.5096435546875,333.873279363479,327.03341682205604,333.873279363479,13223442
2025-10-09,330.52716064453125,331.06843174858204,325.9508639296648,328.50963282216907,6824759
2025-10-10,334.3161315917969,336.5304715065776,330.62556506716226,330.67476060726113,8970962
2025-10-13,336.284423828125,336.67807823903706,330.87159308484115,332.59385741224963,6663149
2025-10-14,331.314453125,337.5638184529958,329.88745208774424,336.5796673787888,7545848
2025-10-15,333.8732604980469,336.3336382467429,331.4128827493509,331.6097249828098,8121744
2025-10-16,336.08758544921875,337.1701576170371,334.26689998978424,334.8082010906468,6788416
2025-10-17,335.59552001953125,338.7448155054184,334.75898559041366,336.0875955620819,7032129
2025-10-20,336.53045654296875,338.9908341166594,334.9065833172082,335.98915545641324,6896835
2025-10-21,336.57965087890625,338.0558774178488,335.6446953906803,337.5146063671322,346988
2025-10-23,337.2193603515625,339.7289636169493,335.64471262240147,338.3511280827413,8710859
2025-10-24,334.2177429199219,337.809888679138,332.7907117116462,337.0225797576888,7584711
2025-10-27,336.3336181640625,337.4653858541025,335.0542338246966,335.30027158487513,6752390
2025-10-28,333.77484130859375,337.46540795294777,331.9541557572641,336.9733324003672,13186584
2025-10-29,341.99249267578125,344.45287032093074,333.77482533420056,333.8732464467879,15423201
2025-10-30,339.6797180175781,343.4687054454625,338.00667930652526,343.4687054454625,6721032
2025-10-31,331.6097412109375,339.5321459358775,330.28113115484126,339.5321459358775,18651312
2025-11-03,329.887451171875,332.1509866227039,328.11596122287625,331.51129443302676,10242245
2025-11-04,325.3603515625,330.6747613633437,324.4746216013439,330.0842647112706,11887651
2025-11-06,321.47296142578125,327.6731315809044,319.45546361771085,326.78737153452323,11587302
2025-11-07,323.6564636230469,324.6489703926429,318.4458030826677,321.96918999917244,8578167
2025-11-10,323.0113525390625,325.79035948383523,321.5722055529706,323.6564759060022,5246998
2025-11-11,324.20233154296875,324.9963551352011,320.43081791879985,323.50759497478134,6103758
2025-11-12,324.6986083984375,325.7903719861034,323.1105913880966,325.045991852091,6850550
2025-11-13,324.5001220703125,327.4776425776202,323.11058826911164,324.6986052641234,7276001
2025-11-14,325.9888610839844,327.4279777287404,323.75572084900506,324.5497141503254,9169855
2025-11-17,327.72576904296875,328.96640258675814,326.0881085340428,326.53474872536896,6283156
2025-11-18,325.9888610839844,327.2791077708557,324.6985841082101,326.58434091552317,6776200
2025-11-19,324.1527404785156,326.4851376137269,322.6143367009101,326.4851376137269,6935056
2025-11-20,324.1527404785156,327.52725768169756,323.7557437997128,325.5422439987782,5155775
2025-11-21,324.20233154296875,325.93921839679183,322.5647014242876,324.4008450132526,6142545
2025-11-24,321.0263366699219,324.64898043320596,319.6368029183904,324.25198377087,13719726
2025-11-25,321.27447509765625,323.16023202926664,320.08345477826816,321.02634838852583,8074651
2025-11-26,323.6564636230469,325.3437069580184,321.5721933491146,321.8699332644323,7101095
2025-11-27,324.8970947265625,326.2865981361298,322.5646977771625,324.6985812585232,6755179
2025-11-28,324.00384521484375,325.6910885402578,321.8203182185401,325.5422185834422,8930988
2025-12-01,324.64898681640625,325.79036360140253,323.0113566215068,324.64898681640625,6936186
2025-12-02,326.13775634765625,327.4776466503896,324.3016126208665,324.99637953010756,5806943
2025-12-03,320.53009033203125,326.5347444905355,318.8924298443442,326.5347444905355,8546132
2025-12-04,320.53009033203125,321.86995031082324,318.69394665325495,320.48044681758057,5965357
2025-12-05,320.87744140625,321.72107825739164,318.54507462043483,319.8353213653072,6574010
2025-12-08,317.1059265136719,320.7782138345562,315.4682963312413,320.7782138345562,7906928
2025-12-09,317.45330810546875,318.99168153992724,313.1855106643288,315.0712978277346,7152584
2025-12-10,319.190185546875,321.2744558363941,317.1059152573559,317.45329868709297,5484712
2025-12-11,320.1827087402344,321.0263456017354,316.7585480683971,319.2398151381619,6317942
2025-12-12,322.61431884765625,323.5075991866605,320.48043531438657,320.48043531438657,4261023
2025-12-15,321.5225830078125,322.8624429276532,319.1405425083109,320.6293026760478,10219819
2025-12-16,318.5946960449219,321.3737030848919,316.6592955889,319.63681611268436,5241263
2025-12-17,318.8428039550781,319.984180697448,317.1555303088596,317.6021704766537,5043027
2025-12-18,316.1134033203125,319.7360469395152,314.62464317908655,319.5871769831731,5554193
2025-12-19,317.5029296875,318.1976965858744,315.12091934706694,316.56006636988315,10833662
2025-12-22,318.29693603515625,321.224812858892,317.1059157851905,317.55255595115347,8925871
2025-12-23,320.82781982421875,322.3165800090179,317.8502994546204,318.6442927709519,6024641
2025-12-24,320.133056640625,324.202340583696,319.8353167157995,321.4729468801477,5678004
2025-12-26,321.67144775390625,323.3090778540973,319.88491740823196,320.1330440988337,4174183
2025-12-29,323.06097412109375,323.35871405541303,320.6293202648354,321.6714706127625,14043845
2025-12-30,322.4654541015625,323.11057746546095,320.9270806731198,322.5647108396016,8035909
2025-12-31,327.0805969238281,328.1723604385753,322.2669632765072,322.316576499899,8497983
2026-01-01,333.780029296875,334.37553944281365,327.1302518191223,327.32873500849905,10357315
2026-01-02,349.4616394042969,350.35488943856933,333.43266114357067,334.276267666054,23128940
2026-01-05,347.972900390625,352.14141090010577,345.78937325072695,347.7247736833141,18248271
2026-01-06,348.17138671875,351.4466774580942,343.5562359789838,347.278136622167,8641743
2026-01-07,346.2359924316406,348.7172593541995,343.7050819972889,346.93072899661536,7165806
2026-01-08,341.8193359375,347.1788666008996,339.6358391503614,344.15173297579446,8805975
2026-01-09,333.4822998046875,341.8193512420237,331.8942827954556,341.8193512420237,10161744
2026-01-12,334.9214172363281,338.09742068511275,331.1995168978991,334.22665039092703,9406174
2026-01-13,335.3680419921875,336.7079322312866,332.5393915516236,334.9214321050904,5583379
2026-01-14,346.484130859375,347.87363432529014,334.9214326664008,336.36054935688634,20389924
2026-01-15,346.484130859375,346.484130859375,346.484130859375,346.484130859375,0
2026-01-16,343.7547302246094,351.3970142775835,342.81183666554153,350.0075108396703,14275582
2026-01-19,340.7772216796875,345.3427590957348,339.4869446442261,340.9260916444588,9974363
2026-01-20,336.211669921875,345.6900975044803,335.16954992402526,340.4298237142528,7718407
2026-01-21,336.1620788574219,339.04034263593076,334.2762916301079,336.2613053103078,6948955
2026-01-22,339.88397216796875,340.6283522819688,334.5740546303211,336.1620715979687,5885972
2026-01-23,334.17706298828125,342.8614977822708,333.581552830341,341.37273753187264,10084314
2026-01-27,342.1170959472656,343.9035960188152,334.5243949209227,337.94855539511275,12203590
2026-01-28,345.4419860839844,350.6030336560542,342.1171124729344,342.1171124729344,13566973
2026-01-29,355.46630859375,357.798705659296,344.69760362777674,347.37738413523886,20624409
2026-01-30,353.3324279785156,356.6573318838472,348.4691506174911,356.30994843900874,22641103
2026-02-02,347.7247619628906,350.10677221500646,335.2191702781529,342.3652313234041,12622760
2026-02-03,355.8633117675781,363.20788654042616,351.1489043252551,363.20788654042616,11559806
2026-02-04,364.49810791015625,365.78835458365774,354.92042372604976,356.7565672913423,15515053
2026-02-05,364.25,367.92228731992134,362.2649863760218,366.97939373297004,18789794
2026-02-06,363.20001220703125,364.5,361.0,361.79998779296875,4807446
