Date,Close,High,Low,Open,Volume
,TCS.NS,TCS.NS,TCS.NS,TCS.NS,TCS.NS
2021-02-08,2825.44140625,2835.9023364608793,2773.6196466029005,2803.81602670241,2526592
2021-02-09,2792.740478515625,2853.3090308708984,2781.4004676397044,2808.651862866263,2658751
2021-02-10,2824.738525390625,2830.100766999873,2775.510207145161,2799.860600210748,2127983
2021-02-11,2818.32080078125,2830.0125675509667,2799.904180954972,2826.2324936093946,1165882
2021-02-12,2804.958984375,2853.0444542059204,2797.2230637138314,2799.1569902245205,2777404
2021-02-15,2760.169921875,2820.958008762423,2752.873540069198,2820.958008762423,2630853
2021-02-16,2732.875,2784.6085598624745,2725.1390784021382,2769.0929345053987,3435770
2021-02-17,2701.491455078125,2754.0163027275794,2677.2728422340697,2729.6219174175817,3678426
2021-02-18,2687.646240234375,2723.2926420625936,2664.482474674808,2694.3710936582934,4189909
2021-02-19,2700.392333984375,2713.842038226488,2651.4275812648107,2688.2170336452054,3725028
2021-02-22,2600.705078125,2721.622151723607,2587.2551582887345,2721.622151723607,5366696
2021-02-23,2619.8251953125,2661.845118240103,2609.100498988318,2610.8586529633776,3832829
2021-02-24,2591.606689453125,2640.175688079094,2567.915395351724,2612.616541472933,3774549
2021-02-25,2633.098876953125,2663.514806559369,2609.4955781742888,2614.3744975139684,4224073
2021-02-26,2544.3125,2612.9244999684947,2531.7416564902746,2602.0678136150045,5553153
2021-03-01,2570.5966796875,2606.463060851563,2550.9054425793493,2572.179061062959,3265871
2021-03-02,2642.812744140625,2659.207441361506,2591.518524672304,2602.0674467537383,3306469
2021-03-03,2689.184814453125,2693.4922063508966,2634.506047707785,2667.998970716374,3509857
2021-03-04,2680.921142578125,2708.8318379382204,2651.340286728885,2657.449829088751,3916760
2021-03-05,2644.307373046875,2692.7883793543356,2634.2419852330613,2651.383985179007,3203686
2021-03-08,2643.340576171875,2666.2405752396367,2633.7147258219425,2651.296266047723,2003125
2021-03-09,2682.019775390625,2696.0410098074835,2630.2862256983,2643.3403896236246,1942397
2021-03-10,2699.601318359375,2719.160780509051,2689.975468674562,2703.1616229327706,3053778
2021-03-12,2688.17333984375,2740.0828771190104,2673.5807911171387,2703.16164489604,2938317
2021-03-15,2695.38134765625,2724.2591074890815,2673.2726511372366,2673.2726511372366,3097083
2021-03-16,2733.973388671875,2761.180778120956,2689.975543155086,2689.975543155086,4894756
2021-03-17,2736.522705078125,2773.487935863313,2712.2163118679223,2729.534085849631,3838390
2021-03-18,2669.31689453125,2765.9713526955748,2625.8465865790577,2747.9502770038603,3656306
2021-03-19,2681.360595703125,2724.259595798463,2641.6263586235505,2663.603283404112,5776626
2021-03-22,2751.203125,2759.818122141022,2653.6255823341885,2680.041887934514,2821646
2021-03-23,2762.588134765625,2785.795687335934,2745.226359812995,2760.302448164983,3305973
2021-03-24,2743.68701171875,2771.11416820784,2734.9400248267016,2734.984021595591,2207104
2021-03-25,2694.2392578125,2752.2583404265592,2681.1848783769724,2735.8634254319945,3179786
2021-03-26,2695.953369140625,2740.962068326735,2675.0752905252434,2716.9192266843957,3697370
2021-03-30,2776.608154296875,2802.892465571644,2690.7661733862365,2710.193857106451,4694008
2021-03-31,2793.5751953125,2817.4420522792884,2753.269425191492,2773.4881981095646,3530069
2021-04-01,2782.278564453125,2826.232412232795,2764.697025341257,2805.2225588414717,4285076
2021-04-05,2847.242431640625,2868.4282733530854,2769.9716485858326,2787.553188722842,5317862
2021-04-06,2869.922119140625,2878.976653524238,2839.4181956895536,2878.976653524238,2291562
2021-04-07,2875.812744140625,2881.219197086175,2843.6386509952085,2864.912273928864,2491268
2021-04-08,2916.205810546875,2931.721431827485,2871.1091231096307,2874.5814339058097,2578118
2021-04-09,2920.51318359375,2948.7316374728152,2907.986337972195,2948.42387471546,2911129
2021-04-12,2853.967041015625,2934.4465709871874,2824.649741699711,2920.513116819695,3791828
2021-04-13,2728.69921875,2825.3536995556697,2701.4478296130287,2825.3536995556697,8654596
2021-04-15,2829.7041015625,2845.791249238992,2714.1055073004172,2778.1463352921887,6062760
2021-04-16,2808.782958984375,2854.3631900125724,2797.7507136681297,2838.5398030645506,3224657
2021-04-19,2779.46533203125,2803.3761803289435,2755.994022175126,2785.794642666172,2679106
2021-04-20,2764.301513671875,2835.330975379309,2748.3023558299074,2835.0232125941484,3141893
2021-04-22,2741.66552734375,2767.3345341010545,2729.753990475635,2767.3345341010545,1988980
2021-04-23,2733.490234375,2741.8414668003297,2717.271304851599,2729.534387436686,1615309
2021-04-26,2725.842041015625,2771.7298181062615,2714.633809115576,2726.9408872803356,2490260
2021-04-27,2753.2685546875,2756.872855437213,2727.7753273292824,2730.41255774565,1471417
2021-04-28,2746.324462890625,2769.9715476659917,2735.6875456479106,2769.0484739187477,1639037
2021-04-29,2738.54443359375,2775.5536585645473,2729.9734334404593,2765.2245045336585,1621395
2021-04-30,2668.56982421875,2753.312969915444,2654.8123559697738,2724.2594341557383,3072305
2021-05-03,2669.7568359375,2685.5802218600797,2640.7472950794368,2659.1199184421807,1545831
2021-05-04,2680.96484375,2716.3476898721206,2667.998459146241,2692.4368405095456,1990777
2021-05-05,2721.3583984375,2724.610940141866,2683.2943245964398,2698.7661643501683,1939289
2021-05-06,2735.203369140625,2755.026593199152,2702.281987075365,2729.972905290353,1791671
2021-05-07,2754.060546875,2777.751846295452,2735.512148929457,2754.14854043193,1912540
2021-05-10,2765.13671875,2781.5754158169793,2747.115640150612,2765.5322604784997,2137153
2021-05-11,2745.005615234375,2749.8405381869234,2717.358475020094,2747.1153139481335,2415625
2021-05-12,2714.238037109375,2742.720044026913,2699.2937291771773,2742.720044026913,1978558
2021-05-14,2682.503173828125,2723.8197883357184,2672.393789427331,2723.8197883357184,2043935
2021-05-17,2698.546142578125,2703.3370684555102,2668.8772990853286,2685.579759125718,2890462
2021-05-18,2715.29296875,2746.236434952546,2705.798894617137,2725.1385878210285,2098538
2021-05-19,2709.315185546875,2740.9619560464494,2696.217024715244,2711.073339463518,1986041
2021-05-20,2689.97509765625,2715.292553263747,2683.030476552131,2696.2166289916227,2329027
2021-05-21,2707.99658203125,2714.7654317164456,2685.6681130389425,2690.8545812685134,1685566
2021-05-24,2708.875244140625,2729.5335495883955,2700.52401427876,2708.875244140625,1652260
2021-05-25,2750.836181640625,2763.4243048225067,2722.65653952181,2731.401886201931,1841613
2021-05-26,2790.146484375,2795.8884353480685,2741.825801627591,2756.1364670729777,1923753
2021-05-27,2809.139404296875,2842.486892508261,2793.061982915368,2793.19440322374,5959785
2021-05-28,2776.984375,2825.0400036159776,2769.9613544264,2817.531298165466,1763701
2021-05-31,2790.720703125,2800.6146992644194,2763.7337050232063,2782.637888857994,1652799
2021-06-01,2785.287841796875,2800.261039677647,2766.736923725916,2799.068610059735,1377441
2021-06-02,2764.48388671875,2790.9851945829346,2751.7191332311404,2783.388282396119,2240078
2021-06-03,2774.907470703125,2786.6564256904326,2758.476575377336,2786.6564256904326,1281706
2021-06-04,2777.1162109375,2788.688534934649,2760.552893576044,2763.203024353877,1836060
2021-06-07,2811.9658203125,2818.3703040112887,2768.150447443102,2778.2208596814926,2559821
2021-06-08,2826.939208984375,2854.1914794488234,2815.4995183950705,2825.0400344405252,2574057
2021-06-09,2827.02734375,2844.474040114054,2814.615853329523,2828.57325355441,1710925
2021-06-10,2841.64697265625,2848.007243465834,2820.622558432509,2835.63996635401,1874324
2021-06-11,2892.0,2923.0948308603947,2836.5238748542542,2837.0097753940586,3452954
2021-06-14,2894.251953125,2922.829066049496,2888.9516917972583,2896.5928156108116,1847360
2021-06-15,2882.238525390625,2913.377567002768,2872.3447453737463,2913.377567002768,1304985
2021-06-16,2892.4853515625,2910.4619427775083,2873.6251677448518,2881.6639841155666,1635552
2021-06-17,2930.823974609375,2946.9898164726833,2879.80895402805,2884.6675274167474,2273413
2021-06-18,2912.759521484375,2966.3804713862055,2893.0601678945272,2960.1084073503403,3380431
2021-06-21,2891.38134765625,2902.7768246995624,2872.4769504377414,2884.22590768231,1130569
2021-06-22,2916.20361328125,2939.0389911147163,2901.8929514488364,2918.6771115942024,1708688
2021-06-23,2881.045166015625,2940.761527212166,2876.6282817752945,2940.761527212166,1467104
2021-06-24,2980.16064453125,2988.4643018161614,2896.151408071027,2901.0099814260343,4155204
2021-06-25,2986.52099609375,3003.17252309465,2959.312941438819,2981.618210624291,2722861
2021-06-28,2947.608642578125,2995.9735405120887,2944.295978336073,2995.9735405120887,1355238
2021-06-29,2951.22998046875,2973.7118807948364,2938.553434922606,2952.245777697685,1497322
2021-06-30,2955.55859375,2987.5810099566615,2949.1541105086676,2955.7794379997013,1693146
2021-07-01,2951.80419921875,2969.913427434816,2943.7213860627653,2966.3799194902176,990310
2021-07-02,2937.626220703125,2950.21434389237,2910.9040644592897,2942.529006552582,1682274
2021-07-05,2933.695068359375,2980.5140501790215,2916.9109050655393,2952.2459856841406,1972858
2021-07-06,2881.8408203125,2939.878645879054,2876.3639260649975,2926.6279909246714,2159420
2021-07-07,2893.01513671875,2899.8613076965835,2863.5546464924696,2893.0593486974058,2640710
2021-07-08,2878.483642578125,2913.3770302969638,2854.9857306571503,2913.3770302969638,2485811
2021-07-09,2834.00537109375,2899.2428381026043,2827.689312847787,2870.974778742677,6365067
2021-07-12,2820.71142578125,2858.608216049346,2816.5153846730195,2857.7248389739293,1892226
2021-07-13,2815.80859375,2839.1738738783592,2804.72216850149,2839.1738738783592,1809339
2021-07-14,2839.659423828125,2846.2405389860573,2813.5555917661677,2815.3223456699457,2044279
2021-07-15,2835.586669921875,2861.1721056543,2827.663236016785,2857.409560647077,2232968
2021-07-16,2828.3720703125,2850.5490007565263,2825.893173423825,2844.4845758805604,1256526
2021-07-19,2819.341796875,2832.7983868188567,2811.728089019713,2815.2693082754054,1597058
2021-07-20,2838.110107421875,2846.2548681714516,2794.1545954042767,2819.3416893105386,1811945
2021-07-22,2847.449951171875,2855.063442156888,2824.122085110485,2824.122085110485,2859334
2021-07-23,2844.35205078125,2869.760259222906,2838.8629872655824,2859.534943981816,1776193
2021-07-26,2830.806640625,2854.444237512469,2824.8751412021347,2832.9755943366367,1259611
2021-07-27,2817.880859375,2841.828397353054,2798.581171579533,2832.9753493862218,1121367
2021-07-28,2831.02783203125,2836.915022702332,2773.128766395787,2822.351801458965,1660654
2021-07-29,2829.25732421875,2855.5065269494357,2824.388147472567,2833.1968876310666,1731997
2021-07-30,2804.158447265625,2853.7798210249443,2799.6435227881707,2849.7959497066217,2999943
2021-08-02,2850.150146484375,2855.019322815732,2803.760262073905,2815.2692243116567,2608669
2021-08-03,2908.137939453125,2912.653080836421,2849.7521253310056,2858.649482681095,3804735
2021-08-04,2898.443359375,2926.109132013964,2887.1557241383025,2921.50559067461,2929598
2021-08-05,2907.296875,2934.7856343504254,2888.307128829039,2899.373439667464,2534521
2021-08-06,2930.18212890625,2942.7534149481066,2890.5204271376556,2897.2045221954145,2292362
2021-08-09,2941.602294921875,2954.26219713046,2930.3589668869713,2942.6646174826997,1510489
2021-08-10,2951.517578125,2965.682454885937,2935.3166732407713,2935.3166732407713,2040777
2021-08-11,2960.635986328125,2974.6238440607035,2945.4974053764813,2965.770796905761,1929707
2021-08-12,2967.320068359375,2981.706269928955,2944.5234720260405,2944.5234720260405,1310205
2021-08-13,3066.1650390625,3080.861187504432,2972.4113324845202,2975.2885735360687,4363584
2021-08-16,3074.619140625,3093.564792280831,3042.34982516594,3063.1544871451047,2083489
2021-08-17,3145.53271484375,3152.393828029611,3065.8109629209002,3082.7203734861305,4336019
2021-08-18,3152.172607421875,3182.6713199583683,3130.969596932548,3163.947206576067,2631309
2021-08-20,3151.242919921875,3164.965146430876,3098.5672762260324,3103.87910584242,2836148
2021-08-23,3220.2080078125,3251.7249492072847,3153.367486803747,3169.391592203125,3744176
2021-08-24,3198.783447265625,3246.7228346734682,3182.139672824167,3237.559843001873,2511141
2021-08-25,3239.330322265625,3273.635883891149,3193.338780294793,3195.9503862746396,2123263
2021-08-26,3250.70654296875,3264.6500936829902,3229.503319923937,3240.21559454725,1902533
2021-08-27,3293.46630859375,3301.7439942841897,3232.336189828916,3245.5271438653544,3944728
2021-08-30,3276.779052734375,3311.3502521292385,3264.6504188945714,3288.907686574179,2033114
2021-08-31,3352.162109375,3367.787867811746,3278.681815520326,3283.9493355267155,3207480
2021-09-01,3288.86328125,3378.943051708718,3281.8251507662603,3360.6172841404705,2643336
2021-09-02,3396.69384765625,3416.524592552091,3295.1051022288557,3305.728761881394,3403717
2021-09-03,3401.3857421875,3414.532390299756,3368.186808360249,3386.2912503795983,1746812
2021-09-06,3410.193603515625,3432.8574896206924,3376.5520259108503,3408.157359538095,1723693
2021-09-07,3378.234619140625,3426.0853884978774,3371.4621236370535,3420.8178679796692,1585039
2021-09-08,3341.273193359375,3377.4379827229823,3325.2049968827055,3373.0114584992302,4147175
2021-09-09,3356.54443359375,3371.860249411292,3333.172474016351,3355.0394587057644,1441148
2021-09-13,3404.30712890625,3410.5483552564024,3334.94340668906,3334.94340668906,1691473
2021-09-14,3440.205810546875,3449.5901278133597,3386.2908350791995,3408.379146448871,1991188
2021-09-15,3500.982421875,3523.5133876208283,3422.588632297016,3436.84212717988,2461369
2021-09-16,3455.6103515625,3525.062471552736,3445.694980793567,3479.2479470590197,2946666
2021-09-17,3388.814208984375,3492.527584251267,3368.584906990132,3470.3949633117786,6477148
2021-09-20,3384.962646484375,3427.0146213001217,3371.107713869043,3372.1257278564103,2002008
2021-09-21,3419.88818359375,3427.5018914398584,3383.325051595029,3415.5059679978876,1568129
2021-09-22,3419.179931640625,3449.900181873406,3410.5925180954796,3419.489874783857,1744067
2021-09-23,3425.4658203125,3434.09754267421,3395.1441289393133,3426.1297989557083,2003869
2021-09-24,3427.2802734375,3491.995920064041,3412.849762988791,3443.835428800622,2320754
2021-09-27,3396.8701171875,3456.229845648555,3366.725446335667,3452.688626544407,1673362
2021-09-28,3345.69921875,3408.423144104183,3320.9993037196923,3408.423144104183,2253075
2021-09-29,3356.98779296875,3369.470679366263,3295.237771979313,3328.5696334225463,2489161
2021-09-30,3342.512451171875,3368.584633292451,3319.981488113893,3368.584633292451,2252412
2021-10-01,3302.3642578125,3373.011631270028,3297.760715611773,3348.0017681247846,1578374
2021-10-04,3340.520751953125,3349.6835272429826,3282.2233425522586,3297.5834677792773,1356860
2021-10-05,3393.638916015625,3399.5704149180474,3312.4565094913187,3323.4342025006117,1877966
2021-10-06,3373.807861328125,3415.01884159684,3359.7316019415425,3396.0290975092903,1678154
2021-10-07,3446.403076171875,3451.80352207463,3381.908749178324,3390.7174889832863,1647233
2021-10-08,3484.249755859375,3532.2775413447675,3452.688726138807,3474.8213461781584,2934339
2021-10-11,3262.8798828125,3326.5332197772977,3240.2159905215995,3324.3199574886903,11845402
2021-10-12,3233.88623046875,3281.82540642427,3214.188195590698,3280.9401014859304,5752877
2021-10-13,3235.96630859375,3253.8937321613757,3226.9362421726487,3231.362766510334,3545655
2021-10-14,3203.369140625,3255.3032452461207,3200.4863788955586,3215.388082838471,6442299
2021-10-18,3235.034912109375,3239.957825124647,3194.4988931682005,3196.27290026894,3590107
2021-10-19,3223.50390625,3273.1319287564406,3215.5652676856744,3254.4160669882417,3135441
2021-10-20,3201.062744140625,3219.8227819927815,3173.964743256937,3203.8567186109995,2933693
2021-10-21,3133.33984375,3199.820712339937,3114.4910194953113,3196.8493805660564,4871211
2021-10-22,3103.4921875,3159.1516554194964,3091.207102780001,3157.7323632415505,2691670
2021-10-25,3098.259521484375,3117.4188879694334,3060.1627559922426,3107.1739519538623,2595594
2021-10-26,3089.07861328125,3130.235490892572,3082.337299759617,3099.6338687798507,3878763
2021-10-27,3095.42041015625,3114.490985073754,3089.433136635638,3089.433136635638,2510813
2021-10-28,3035.015380859375,3120.478253064307,3029.116894319104,3120.478253064307,2424942
2021-10-29,3013.81689453125,3069.919879912488,3003.3502073075,3015.8570464012964,3960501
2021-11-01,3083.5791015625,3092.981425957141,3027.298768768552,3049.4738578562856,2020718
2021-11-02,3090.498046875,3116.5760838881283,3077.6808875558004,3099.1907258793763,3087414
2021-11-03,3097.63818359375,3122.163745415681,3074.39873362359,3108.23783282908,1537639
2021-11-04,3112.185302734375,3116.2656061888065,3108.947825999222,3115.9994617802777,328991
2021-11-08,3106.951904296875,3147.0888177704123,3087.8369331330086,3147.0888177704123,2526082
2021-11-09,3109.568359375,3135.5576071808837,3100.964468091759,3111.6085108884126,1782692
2021-11-10,3090.586669921875,3121.986510569045,3086.94986856028,3102.7385758648256,1516489
2021-11-11,3094.0458984375,3113.427013620151,3047.744354064243,3086.7725122652982,1284514
2021-11-12,3127.619140625,3134.803739975808,3091.828458130939,3109.8346748298673,1747259
2021-11-15,3151.789794921875,3166.2479962691427,3129.3485615298887,3129.3485615298887,1809157
2021-11-16,3154.5390625,3171.5253089279527,3141.7662991193665,3165.7153928732405,2013204
2021-11-17,3123.937255859375,3160.260219123125,3110.188702860013,3149.3944272365325,1632914
2021-11-18,3082.957763671875,3123.006098277972,3061.581111042726,3117.9500055081708,2136598
2021-11-22,3067.61279296875,3118.659887291616,3051.558159680748,3085.3528628252743,3167936
2021-11-23,3072.802001953125,3087.614917705007,3022.730695618105,3055.7271838719826,2153461
2021-11-24,3054.219482421875,3098.3479107016587,3037.1002699493474,3079.8537993639643,2161746
2021-11-25,3056.525390625,3071.693237675039,3046.0145286811985,3054.7513835573277,1849619
2021-11-26,3057.367919921875,3095.642032063638,3026.3669761859983,3037.986807970762,1941251
2021-11-29,3106.286376953125,3130.546010236377,3021.5331459445556,3057.634146477923,2981745
2021-11-30,3130.36865234375,3161.059063368577,3096.529551797882,3096.529551797882,5588446
2021-12-01,3173.521240234375,3184.3426398781166,3135.5574462309587,3135.5574462309587,2102118
2021-12-02,3231.265380859375,3235.789185915078,3170.2397054205367,3183.6333300682236,3152938
2021-12-03,3229.091796875,3251.7103857650372,3220.5766933426667,3234.413817790303,2486263
2021-12-06,3136.79931640625,3244.6590363859564,3124.02655170895,3229.092080530519,1849642
2021-12-07,3179.46435546875,3191.4389038852173,3126.0667828778905,3159.95027656784,1484458
2021-12-08,3217.0732421875,3234.414205727127,3194.0999357691167,3194.0999357691167,1428660
2021-12-09,3194.7646484375,3224.035762034623,3163.05427537395,3202.082426836781,1567957
2021-12-10,3225.85400390625,3230.466378269068,3171.1259375137224,3179.9071845399803,1510718
2021-12-13,3201.7724609375,3248.207186059828,3194.720825622014,3237.5631428504566,1883864
2021-12-14,3214.32373046875,3224.258127606222,3172.5457737481966,3197.648019262842,1747007
2021-12-15,3166.913330078125,3213.6139821147945,3156.0917131195874,3210.9529713650445,1603233
2021-12-16,3176.89208984375,3200.7080058928564,3166.6027617555383,3177.246804652196,2072320
2021-12-17,3179.3310546875,3238.7602886798354,3169.884337561044,3195.4300814535413,4333992
2021-12-20,3154.98291015625,3198.5348720459833,3113.515493276563,3183.4558113624607,2312310
2021-12-21,3200.574951171875,3229.7572813308107,3163.4093725133384,3177.8231801936154,2340989
2021-12-22,3220.48779296875,3225.8542071800953,3198.7562083298367,3214.500519649866,1224328
2021-12-23,3248.827880859375,3255.746551906063,3219.8229078923873,3235.788971898465,1792861
2021-12-24,3256.100830078125,3286.3477338995476,3232.9501703058754,3268.6076651605485,2209923
2021-12-27,3278.4541015625,3281.9133289905308,3240.3129466580153,3256.1902245200645,1534135
2021-12-28,3287.722900390625,3304.0880718249186,3276.4579991343157,3290.7830191866974,1456218
2021-12-29,3277.212158203125,3299.6089991071835,3268.6082665922886,3275.039042693454,1456923
2021-12-30,3311.849609375,3317.393381737529,3264.173167057248,3265.3707085089977,1966475
2021-12-31,3315.929931640625,3335.1334725940915,3309.676513068789,3319.8770542748616,1207141
2022-01-03,3386.35791015625,3397.2237039875417,3321.828399852048,3326.263417742371,2346158
2022-01-04,3445.787109375,3449.689838451158,3380.9914554484494,3398.1994545927564,2488606
2022-01-05,3424.676025390625,3432.7034501545454,3381.611963344765,3428.2684327770844,1733031
2022-01-06,3377.2216796875,3401.6586712099115,3345.7774466241945,3381.2575892183004,1810293
2022-01-07,3418.067626953125,3428.1793791658147,3367.419645820469,3388.353012835328,2460591
2022-01-10,3441.44091796875,3528.500232508882,3424.7208139056797,3528.500232508882,3937092
2022-01-11,3473.4169921875,3481.4888108289488,3420.285568039854,3420.285568039854,1906106
2022-01-12,3423.744384765625,3485.0364071814624,3403.0329850190465,3481.488393532003,3203744
2022-01-13,3457.451416015625,3479.7152940930355,3421.173053611226,3475.2802758747166,6684507
2022-01-14,3519.763427734375,3527.613496615076,3423.878463629816,3439.6671718235552,3348123
2022-01-17,3564.999755859375,3586.154874326634,3514.573740699886,3541.538558401863,3442604
2022-01-18,3539.67578125,3585.001524117824,3530.273458783575,3578.1272479103936,2389041
2022-01-19,3478.40966796875,3564.9112784096897,3474.722221889604,3564.9112784096897,3102539
2022-01-20,3400.1279296875,3483.1640287722967,3386.310743278373,3474.2784062499186,6176776
2022-01-21,3406.30322265625,3422.3418138894167,3350.8570276785663,3382.756324156083,3112358
2022-01-24,3351.07861328125,3420.6528490636674,3323.3110488936,3412.0783119544003,3258414
2022-01-25,3349.79052734375,3384.8887339958196,3307.406154089975,3349.4351892399127,3330501
2022-01-27,3242.5859375,3317.358367446384,3221.1272449654125,3315.225904723573,5718297
2022-01-28,3278.8388671875,3314.159213319958,3239.6976603507437,3239.6976603507437,3143862
2022-01-31,3319.89013671875,3339.2163623389933,3306.694902797494,3331.219303461651,2739393
2022-02-01,3377.11376953125,3383.644788341221,3320.02364934981,3349.879425432354,2105169
2022-02-02,3426.4736328125,3433.4044616031847,3377.11395747897,3401.3272782809076,1984212
2022-02-03,3398.395263671875,3449.842931105823,3390.7980130574983,3421.8532202674887,1960538
2022-02-04,3389.775390625,3398.483342391727,3348.9904779458116,3390.130945617294,2307366
2022-02-07,3357.87646484375,3404.7925911476827,3337.5727323379806,3368.539210961275,1919149
2022-02-08,3326.287841796875,3376.2694613033686,3306.339665487328,3369.02776676185,2946443
2022-02-09,3341.482666015625,3356.9435617136155,3328.642985453299,3332.1082913026003,1638721
2022-02-10,3350.1904296875,3367.4729203279344,3339.216600228163,3367.4729203279344,2112459
2022-02-11,3283.193115234375,3334.3299172454485,3278.7947753859307,3334.3299172454485,3851488
2022-02-14,3317.669189453125,3370.538641551541,3296.5658367247656,3309.0057078067457,5951745
2022-02-15,3392.352294921875,3407.6355190520553,3330.3306194021134,3364.095977869904,3931683
2022-02-16,3388.1767578125,3424.6078095847042,3381.867879146584,3415.633244203749,3256906
2022-02-17,3362.49658203125,3407.6355791127057,3357.8761025989347,3398.749958306675,3134372
2022-02-18,3371.115966796875,3390.708806246124,3338.8613332210016,3348.9908552959514,3688883
2022-02-21,3304.918212890625,3401.238487075305,3292.611756383807,3385.42203627491,7465922
2022-02-22,3186.739013671875,3259.1568244811297,3172.1666820740847,3243.2516497396105,5408531
2022-02-23,3166.657958984375,3219.171853968917,3159.4160470145603,3208.5980507387485,2426203
2022-02-24,3022.577880859375,3095.6178759460813,3013.203722080174,3086.8654504599745,5039136
2022-02-25,3128.405029296875,3136.624228763181,3076.2020056595275,3081.5333782863204,2549723
2022-02-28,3158.127685546875,3166.613497830025,3070.7819790701324,3101.082036457885,3288942
2022-03-02,3150.974365234375,3173.899310518128,3115.2986841335264,3156.6168212733464,2761341
2022-03-03,3149.41943359375,3179.8084310877025,3136.7131690580727,3165.813577954369,1928039
2022-03-04,3131.604736328125,3164.3481280471465,3098.461318013042,3111.301000302167,2370257
2022-03-07,3096.55029296875,3152.6186540004137,3049.145630234379,3065.539559273232,3054130
2022-03-08,3198.779541015625,3206.8210725450217,3074.425300915981,3074.425300915981,3300992
2022-03-09,3227.791259765625,3246.8064048099586,3196.202828942838,3203.2668553201697,2719654
2022-03-10,3217.438720703125,3273.4626015016374,3212.151819877421,3273.4626015016374,2005441
2022-03-11,3198.06884765625,3234.2335060489636,3192.471078831925,3201.7120397828858,1623423
2022-03-14,3237.0322265625,3241.786121299952,3181.052805680414,3181.052805680414,1765688
2022-03-15,3193.403076171875,3251.2485526079276,3185.850298719793,3251.2485526079276,3651133
2022-03-16,3248.49462890625,3259.246318858256,3213.263222620275,3234.8108570892805,3090475
2022-03-17,3263.466796875,3296.565738589953,3252.4042409503854,3284.6590919681585,3600452
2022-03-21,3222.548583984375,3300.0756382590976,3212.152449319463,3284.1259896776583,2413831
2022-03-22,3288.52392578125,3297.454018450051,3221.037676335606,3234.3661080997535,2907611
2022-03-23,3298.6982421875,3314.159354710851,3278.794535574468,3294.7886552601967,1596195
2022-03-24,3331.974365234375,3339.3937279136762,3283.2366518427234,3287.679461926408,1879046
2022-03-25,3294.299560546875,3358.320504138264,3262.800077046092,3340.904599959908,1690133
2022-03-28,3294.522216796875,3299.2316401170783,3253.2040720983982,3283.2375195886357,1760990
2022-03-29,3292.43408203125,3307.228556100982,3279.6831275036875,3283.0152358017476,2689063
2022-03-30,3315.714599609375,3321.4457828944737,3293.1894591716236,3321.4457828944737,1583455
2022-03-31,3323.177734375,3336.23955366899,3305.6286331541824,3323.222205866177,2168110
2022-04-01,3339.88330078125,3343.6596902799715,3312.6044835537823,3330.3312567550715,1387014
2022-04-04,3350.1904296875,3358.7649677654217,3320.645737841415,3342.7708488713006,1472994
2022-04-05,3389.68701171875,3408.1691482536567,3351.656507431064,3351.656507431064,2314947
2022-04-06,3336.862060546875,3384.799946643338,3315.358682300862,3384.799946643338,2051729
2022-04-07,3273.596435546875,3328.1098148423775,3269.0204268602606,3328.1098148423775,2494829
2022-04-08,3274.92919921875,3292.122964633607,3236.58782690362,3278.79453157841,2296773
2022-04-11,3284.4814453125,3298.654186881885,3248.6725598448093,3278.794733632162,2291660
2022-04-12,3279.772216796875,3322.3342619156374,3241.786180504579,3272.5747757783615,4483476
2022-04-13,3253.87060546875,3296.4328689407776,3248.183893637111,3293.9003796631946,1621672
2022-04-18,3134.8916015625,3207.709223229319,3129.960038455755,3207.709223229319,3820792
2022-04-19,3084.99853515625,3166.4353782692338,3055.8981276363893,3154.3953189467165,3170014
2022-04-20,3160.43798828125,3171.4116009849918,3092.196369835976,3109.96761334078,2640370
2022-04-21,3224.281005859375,3237.9205218344946,3169.856573377936,3181.0525434049096,2280996
2022-04-22,3209.975830078125,3213.9298889876704,3173.500303710109,3182.030588696181,1581465
2022-04-25,3152.796630859375,3184.607203793021,3139.37947062442,3161.5045845690765,1960694
2022-04-26,3151.108154296875,3188.0722114341042,3126.094998356819,3176.743043452235,1943469
2022-04-27,3164.347412109375,3170.789487548089,3115.5654379746916,3150.841311128136,1727648
2022-04-28,3184.87353515625,3202.7335052062913,3143.7775334280645,3188.161171907679,1703660
2022-04-29,3151.4638671875,3219.4833546644613,3142.7116586897596,3196.1585942808438,2051115
2022-05-02,3147.642333984375,3152.573897085291,3103.5253119643658,3127.6496864948044,1324161
2022-05-04,3091.973876953125,3150.3523618271915,3079.1341983708458,3144.176898799808,2305825
2022-05-05,3121.87451171875,3139.290418532952,3096.950514238651,3120.719554345007,1612262
2022-05-06,3050.07861328125,3087.3092816962812,3042.881172879239,3073.536567962998,2010812
2022-05-09,3061.186279296875,3070.871522266466,2973.8850272532754,3019.334905283985,2481830
2022-05-10,3055.543212890625,3078.6903011908057,3040.6597962956653,3051.32254251295,1622685
2022-05-11,3031.77392578125,3064.161971372953,3005.25025996758,3052.2108543548047,1841769
2022-05-12,3028.79736328125,3065.2728838583857,2976.772221615572,3001.5630194609157,2807195
2022-05-13,3034.35107421875,3056.5651299816745,3005.2506611693193,3052.2112618257966,2187823
2022-05-16,3000.4970703125,3047.7685389584967,2991.4337786855167,3034.440105114655,1195813
2022-05-17,3066.961669921875,3080.645442338295,2977.038993125452,2994.454900686488,1754076
2022-05-18,3064.4736328125,3105.525166737044,3059.364399705565,3078.868298353035,1866781
2022-05-19,2898.445556640625,3025.5544285146852,2870.056036447117,3018.445930591596,4642963
2022-05-20,2926.034912109375,2944.605772697741,2905.6424558809776,2941.140467379906,3065125
2022-05-23,2951.581298828125,2966.8200528085695,2902.9325214936357,2936.5202138894765,2293690
2022-05-24,2921.592529296875,2954.3361333164494,2910.5744447313305,2945.716906382836,1711510
2022-05-25,2833.613525390625,2945.6110559752246,2821.4478094645397,2945.6110559752246,3548046
2022-05-26,2886.660400390625,2899.6761119484217,2845.153478156193,2854.50145711165,2813186
2022-05-27,2917.387939453125,2933.1318451391644,2888.672876025808,2910.1420170120946,3103153
2022-05-30,3019.32177734375,3029.474979929779,2939.7965833136136,2949.323427865297,2094624
2022-05-31,3009.571533203125,3026.6124915565733,2974.3709951207434,3000.446972276188,4840965
2022-06-01,3001.3857421875,3030.7269440021355,2987.833434858042,3030.7269440021355,1493835
2022-06-02,3062.0361328125,3070.0870604184925,2993.424382338286,3001.2069020116674,2657939
2022-06-03,3077.37744140625,3110.610011492241,3069.371285099151,3094.597480482661,1913622
2022-06-06,3069.1484375,3088.8732582845537,3021.021726779004,3057.564088275877,1084210
2022-06-07,3008.09521484375,3058.3241943557528,3002.1017895151595,3042.4012031637467,2308256
2022-06-08,3045.17431640625,3053.940927115839,2993.6037313859933,3023.7051726580758,2185707
2022-06-09,3065.7041015625,3074.5600352543865,2999.507580582336,3028.043561052109,1279197
2022-06-10,3005.590087890625,3035.1996977943127,2998.523249928245,3025.3596751960995,1527582
2022-06-13,2880.085205078125,2945.7449039172147,2855.798109527881,2943.061261429589,3030921
2022-06-14,2871.989501953125,2897.3497923832656,2839.9198869193006,2853.606507263308,2611493
2022-06-15,2868.18798828125,2892.966912903787,2863.4468423639523,2879.101425225986,1404536
2022-06-16,2810.66845703125,2902.6727617050265,2802.6622999813585,2898.3341186445737,2032028
2022-06-17,2763.167724609375,2789.8700552215146,2704.977583624793,2765.940909256889,5240434
2022-06-20,2784.189453125,2807.760866274094,2745.366180356892,2767.729867065567,1502769
2022-06-21,2873.241943359375,2896.321313698456,2795.8188096638946,2799.9338157288753,2964461
2022-06-22,2883.08154296875,2907.7711389421333,2847.34441747468,2862.4621814062994,3336315
2022-06-23,2959.879150390625,2968.1089446533183,2883.082151369264,2883.082151369264,3692578
2022-06-24,2945.83447265625,2992.2614007537363,2931.879444236284,2986.894115729963,2132118
2022-06-27,2965.156982421875,3008.2741344642945,2957.821735542528,2996.73455740737,2037686
2022-06-28,2968.2431640625,2978.8436409537917,2927.4966937802037,2958.2690452354923,1400046
2022-06-29,2943.509033203125,2981.527308210307,2926.0653540821827,2926.0653540821827,2133994
2022-06-30,2922.576416015625,2961.757424365387,2911.75230319857,2926.959611694538,2719603
2022-07-01,2965.5146484375,2981.526962105953,2909.1133821479257,2916.2249914387658,1502879
2022-07-04,2893.90576171875,2968.063657707223,2884.960287249917,2962.7411440773417,2622535
2022-07-05,2877.1337890625,2926.9600518902243,2868.76968077365,2911.752741107176,2170627
2022-07-06,2916.895751953125,2923.8284950575144,2864.564723358704,2879.101120190488,2182144
2022-07-07,2941.138671875,2969.3614764130343,2920.742941127774,2926.06545613533,1989921
2022-07-08,2921.10009765625,2956.479495050684,2907.27938242503,2952.006757539261,2136916
2022-07-11,2785.442626953125,2884.9162859075004,2778.4651113267278,2868.0539746766594,6974600
2022-07-12,2759.41015625,2805.479344597764,2755.429464236884,2786.425442436998,3734815
2022-07-13,2718.306396484375,2782.04291010001,2714.9518431361835,2776.675624742904,3863530
2022-07-14,2689.605712890625,2741.850659210218,2661.1288537378855,2740.9537502605253,4764908
2022-07-15,2685.8828125,2716.64660495241,2648.5713239374063,2707.3637315259157,4574806
2022-07-18,2747.68017578125,2759.7435556409487,2703.552305539903,2711.3553684957465,3202795
2022-07-19,2757.32177734375,2761.537204754879,2717.678453631059,2717.678453631059,1865074
2022-07-20,2838.536865234375,2844.9496752294567,2778.6682059727723,2787.413066314355,3402251
2022-07-21,2849.74853515625,2855.757780661632,2819.9263158701324,2840.5103301995564,2420640
2022-07-22,2844.097900390625,2867.417529974402,2819.4329075616306,2856.6546240126586,2075886
2022-07-25,2840.2861328125,2857.9551935626573,2824.4557790199847,2838.716542307275,1797504
2022-07-26,2794.67822265625,2842.214392123494,2777.278278402279,2838.447418714807,2639367
2022-07-27,2860.107666015625,2864.816437135854,2789.3863207449663,2793.870864668994,1389808
2022-07-28,2924.37109375,2927.5102744977767,2871.587924159354,2884.4586528139857,2106333
2022-07-29,2961.5029296875,2975.3154558936158,2937.376171773738,2950.829803094839,2430257
2022-08-01,2958.722900390625,2984.0156856722806,2933.78879105321,2984.0156856722806,1306913
2022-08-02,2952.4443359375,2971.368979620975,2934.3714928201657,2950.829856355455,1269114
2022-08-03,2995.227783203125,3003.7484192086436,2939.215856624392,2941.8616945369813,2895824
2022-08-04,3009.08447265625,3038.637577140398,2966.3917403654004,3004.6448173920953,2150567
2022-08-05,3018.143310546875,3028.861328010929,3009.129332388708,3014.6901237242273,1106933
2022-08-08,3026.573974609375,3030.56517513093,2992.087873696429,3018.098229912615,1068836
2022-08-10,3008.456787109375,3036.036736786237,2991.191290157193,3036.036736786237,1878359
2022-08-11,3069.670654296875,3075.2314455811347,3027.1123715619956,3049.490204414719,1449248
2022-08-12,3050.8798828125,3066.530896092365,3032.672592106554,3066.530896092365,1472354
2022-08-16,3042.94287109375,3062.8095351985526,3038.2789884704052,3059.35634824282,839942
2022-08-17,3050.4765625,3065.58934417508,3023.569298894891,3036.1260219106084,1622326
2022-08-18,3032.67333984375,3042.3151109057303,3015.407842825786,3040.521293033734,1430659
2022-08-19,3036.708984375,3068.7734741310087,3023.7038067117237,3037.830120380455,1398410
2022-08-22,3008.7255859375,3035.22928589152,3002.3125563634576,3018.0982394990715,1536532
2022-08-23,2945.986572265625,2997.3792685403614,2932.891616907202,2977.692165242651,1849256
2022-08-24,2919.75244140625,2966.9746068558716,2915.13322924158,2952.624064621986,1691923
2022-08-25,2886.431884765625,2940.201524060297,2883.337593169555,2938.2732577100746,1946930
2022-08-26,2890.019775390625,2921.2322484903357,2885.1765549837287,2900.8724605252028,1457962
2022-08-29,2809.611328125,2818.7148636343627,2763.3756418964335,2802.839623799531,2539173
2022-08-30,2880.10888671875,2893.876525731647,2818.1775032098362,2829.7475402706787,3431525
2022-09-01,2808.84912109375,2861.13894561839,2799.2522411520363,2861.13894561839,3546935
2022-09-02,2807.683349609375,2836.9226654285976,2798.6247016941093,2836.9226654285976,2052900
2022-09-05,2810.3740234375,2823.4240906299206,2791.4044893857963,2801.6291623975735,2147912
2022-09-06,2804.67919921875,2817.0565866260768,2786.113227593717,2812.258036114902,1936453
2022-09-07,2824.904296875,2835.936100924758,2782.211346585574,2782.211346585574,1291534
2022-09-08,2842.88720703125,2855.309482883852,2834.321902214568,2843.201212734981,1346113
2022-09-09,2885.938232421875,2900.154323109825,2841.855256772377,2865.623337663798,1561185
2022-09-12,2908.630615234375,2932.712706306049,2892.531144596041,2905.8949993497577,1785928
2022-09-13,2896.432373046875,2927.016830182846,2892.5307323772486,2927.016830182846,1972678
2022-09-14,2798.714111328125,2817.549195989468,2792.794644674827,2811.8090673004745,5090269
2022-09-15,2784.3193359375,2814.2760067345016,2780.417694487118,2807.3249624982836,2138023
2022-09-16,2698.52978515625,2775.350164437028,2690.726721458401,2758.8917984020136,5322221
2022-09-19,2716.557373046875,2728.3965252199246,2679.7841128450286,2723.015072507459,2072220
2022-09-20,2726.871826171875,2762.434171951961,2717.6336218806787,2735.571797602663,1544295
2022-09-21,2691.802734375,2727.85842551412,2689.0671186515897,2715.839934791707,2253818
2022-09-22,2697.363525390625,2717.588863283786,2672.1605186728298,2681.7573993510473,2017983
2022-09-23,2674.627197265625,2710.9071180452506,2671.8915813587437,2694.3143035923686,2652374
2022-09-26,2685.703857421875,2713.9118168201303,2624.445156215398,2654.715830856097,2925489
2022-09-27,2706.377685546875,2713.1493914587795,2669.200855861596,2699.1575251901013,2227447
2022-09-28,2722.701416015625,2735.5272570862203,2672.7885232951976,2672.7885232951976,2739767
2022-09-29,2688.304931640625,2740.818988441174,2681.757453261362,2739.1596194850167,2493902
2022-09-30,2694.807861328125,2708.395944492263,2645.9712122185083,2682.5202523624566,2817353
2022-10-03,2677.228515625,2709.2930128525054,2667.4074057231282,2686.242495003621,1763331
2022-10-04,2772.479736328125,2778.6236496108236,2711.3554850786054,2717.588957864213,2145875
2022-10-06,2782.16650390625,2801.94338884146,2773.6458694011303,2790.2835732028752,1790816
2022-10-07,2748.935546875,2784.9016754249496,2742.8367425378724,2778.0850813198663,1939879
2022-10-10,2797.05517578125,2804.634011871847,2695.2111306923252,2699.6956750029613,3064063
2022-10-11,2753.10693359375,2820.778670625665,2738.5770522802995,2780.41776754835,4730645
2022-10-12,2781.090576171875,2789.297205916645,2746.3802417358793,2766.874480961619,1665247
2022-10-13,2783.377197265625,2789.386442591945,2737.679736477988,2781.090035970088,2054781
2022-10-14,2779.655029296875,2825.262932800845,2754.407132263935,2820.778388463066,2245977
2022-10-17,2798.17919921875,2813.1512922234274,2761.9401831157984,2763.019215303223,1517005
2022-10-18,2827.808837890625,2837.3857701324823,2813.2863596612765,2832.5748013053026,1793722
2022-10-19,2807.261474609375,2840.6677838083356,2798.403970627268,2840.6677838083356,1194289
2022-10-20,2839.138916015625,2841.566793102016,2792.109143222076,2792.109143222076,1587601
2022-10-21,2821.24462890625,2841.9269226796287,2811.8927230154723,2839.5890559762415,1021913
2022-10-24,2843.095458984375,2857.752951953399,2837.070661866889,2850.649122739115,260949
2022-10-25,2843.45556640625,2863.373425161377,2833.6088212517743,2860.0013123108297,2069643
2022-10-27,2839.229248046875,2854.156556669097,2818.5021682804067,2842.1967515125716,2438421
2022-10-28,2844.489501953125,2858.2027604387918,2828.0785532735567,2832.574703596726,1355739
2022-10-31,2871.376220703125,2876.6368040808793,2857.5731717627386,2876.6368040808793,1919414
2022-11-01,2931.220458984375,2933.8283581273604,2880.6387633413156,2890.575300348696,2991060
2022-11-02,2915.0341796875,2940.482435498772,2897.364395986869,2940.482435498772,1405955
2022-11-03,2883.60595703125,2902.7596009654008,2873.040003965025,2902.7596009654008,1422652
2022-11-04,2893.182861328125,2895.565952837209,2847.0973182984712,2892.823257100407,1464013
2022-11-07,2907.840087890625,2916.023168933433,2873.1299406493004,2903.6137506809055,1474498
2022-11-09,2891.96875,2922.317763177847,2879.019705987638,2922.317763177847,1162267
2022-11-10,2882.61669921875,2900.01688836437,2850.5592360046676,2850.5592360046676,1573092
2022-11-11,2981.8017578125,3004.8671396793848,2927.038737099528,2940.1225778724047,3265394
2022-11-14,2999.382080078125,3011.5216867580993,2975.552481780397,2989.0409336470357,1342074
2022-11-15,2996.774658203125,3003.3838684628918,2960.2658241961917,2986.3435000472514,1400708
2022-11-16,3017.23193359375,3028.517096203142,2986.747900169754,3002.4394221817815,1748235
2022-11-17,3011.521728515625,3021.413260021648,2983.4207867371497,3003.428657283424,1417986
2022-11-18,3006.530517578125,3023.885700589663,2986.3428478650717,3012.420518021075,1164540
2022-11-21,2952.6220703125,2997.7633779898833,2943.180154144301,2987.6920446515246,1304194
2022-11-22,2980.902587890625,2984.4995080635367,2927.218598217636,2949.4745417875265,1149739
2022-11-23,2974.92333984375,2994.4365914418167,2959.3666133438496,2994.4365914418167,1150011
2022-11-24,3039.532470703125,3051.0426596485013,2974.9229211016186,2982.0717563383823,1296591
2022-11-25,3048.0751953125,3060.394823210972,3010.6223497742653,3042.0954030126463,1588981
2022-11-28,3053.1103515625,3072.6686021026617,3026.4032671464033,3026.8078766981444,2195437
2022-11-29,3054.99951171875,3083.460056975127,3042.0954717838595,3042.0954717838595,1576028
2022-11-30,3049.109375,3070.7806880330454,3034.9014959409137,3042.095336523885,3410702
2022-12-01,3125.408935546875,3129.320674205069,3075.366869477395,3079.8630198713677,2180856
2022-12-02,3092.58740234375,3119.339500342452,3069.0726208258848,3109.6279899771803,2411749
2022-12-05,3080.67236328125,3092.5871623054572,3063.6770019225387,3087.056984913436,1475065
2022-12-06,3044.20849609375,3064.5309632236253,3028.6067671234496,3057.4271337408773,1166999
2022-12-07,3039.937255859375,3051.717038027653,3016.017648233855,3028.8766821146633,1167505
2022-12-08,3012.91552734375,3039.9374364011487,3002.9339851801747,3021.413208083765,1285619
2022-12-09,2960.93994140625,3034.092398588754,2946.192655434108,3034.092398588754,1797896
2022-12-12,2955.274658203125,2963.8623493913924,2909.9985553110337,2927.4435310812128,1527610
2022-12-13,2996.324951171875,3000.2364707063502,2938.5044070649324,2946.9570828866963,1378016
2022-12-14,3026.2236328125,3036.699574027997,3004.237284666107,3011.3413330711587,1213311
2022-12-15,2972.04541015625,3025.6843963408824,2966.5150134691307,3020.3340212997255,1415694
2022-12-16,2913.730712890625,2960.265876656412,2900.1972542065696,2944.9789629555735,2703680
2022-12-19,2879.3798828125,2918.4513880687246,2872.590651420595,2901.815630657148,2120965
2022-12-20,2917.057373046875,2921.5985288569414,2844.8491537414297,2876.5470140498965,1529971
2022-12-21,2939.1787109375,2952.217547936148,2913.505646594509,2921.5987178350492,1432566
2022-12-22,2931.220458984375,2962.0640968575535,2918.0918305939645,2962.0640968575535,1384101
2022-12-23,2903.029541015625,2937.649899386993,2892.82319170629,2892.82319170629,1360281
2022-12-26,2925.10546875,2942.2808512656748,2900.0620424940166,2903.0295456954937,870157
2022-12-27,2931.040283203125,2943.8993165416755,2905.861842359533,2939.762770587653,835883
2022-12-28,2928.88232421875,2936.975394780793,2900.916181461144,2922.317900855153,910795
2022-12-29,2939.35791015625,2941.8307925280833,2902.7142895554493,2905.5019902263957,1037927
2022-12-30,2928.522705078125,2966.5601832850143,2919.0807887627284,2954.915197070413,1163131
2023-01-02,2932.793701171875,2937.64967499698,2909.1889131762478,2932.3890915710945,709547
2023-01-03,2977.66552734375,2985.4437794959777,2918.2713383650357,2924.296135819554,1245178
2023-01-04,2980.633056640625,2992.053454899718,2955.050003400902,2973.484221029113,1231668
2023-01-05,2977.441162109375,3001.000949117812,2951.228470416505,2994.616326970122,1826057
2023-01-06,2887.922607421875,2968.8533202291715,2877.53645537055,2967.45946960088,2488376
2023-01-09,2985.398681640625,2991.7382972331907,2896.5547111423953,2903.613754663653,2885060
2023-01-10,2955.2294921875,2965.6606483841506,2904.6030169681453,2953.970657956924,3864655
2023-01-11,2993.267333984375,3011.971364872046,2941.5165953316505,2958.5571821774433,2720512
2023-01-12,2998.347900390625,3012.4207633052556,2981.442331005253,2993.5369316546853,2250391
2023-01-13,3034.496826171875,3038.4983560091237,2971.9553319355296,3006.0360632064353,1742837
2023-01-16,3066.2255859375,3083.6532862672816,3033.1174683396407,3050.5451686694223,1843607
2023-01-17,3107.0126953125,3110.139707684702,3054.2237329495765,3062.5007620361607,1688475
2023-01-18,3117.68115234375,3135.1088531125965,3101.3570106168763,3108.4844527793143,2421189
2023-01-19,3102.138671875,3114.9219938480996,3091.0105761214827,3108.4843044601644,1585044
2023-01-20,3092.9423828125,3121.9577927776777,3086.044857553808,3094.6896660665084,1529349
2023-01-23,3140.58056640625,3144.3513027053577,3086.044322440379,3115.841536579629,1067916
2023-01-24,3160.261962890625,3174.6547081099407,3142.7882334602164,3149.869647323622,1387863
2023-01-25,3154.238037109375,3159.066304386822,3131.4762056585528,3150.145550703775,874110
2023-01-27,3137.039794921875,3169.1822103327586,3110.599287508333,3150.788813871164,1785879
2023-01-30,3157.82421875,3180.632075416511,3113.588234689339,3145.2708153947992,1953798
2023-01-31,3088.8955078125,3171.9417516673952,3081.8140938931406,3171.9417516673952,2820375
2023-02-01,3134.55712890625,3144.351523952907,3085.492647809887,3092.8500073277646,2205161
2023-02-02,3182.42578125,3190.3350325720744,3145.363262166592,3151.708894962381,1813847
2023-02-03,3202.56640625,3222.5231973552636,3175.5279775823224,3222.5231973552636,1804469
2023-02-06,3182.01171875,3194.151316116606,3160.767479490634,3194.151316116606,1138714
2023-02-07,3193.599853515625,3212.4070586382527,3183.345399100722,3190.2429235610102,1455647
2023-02-08,3237.330322265625,3255.5396078857866,3198.658155467108,3198.658155467108,1986946
2023-02-09,3256.413330078125,3262.6211020458163,3223.71901947586,3232.6397728051547,1655427
2023-02-10,3253.37841796875,3257.7928785550507,3226.339987208153,3237.238165731009,1187821
2023-02-13,3202.658203125,3263.9083050860527,3194.3811744561426,3263.9083050860527,1087939
2023-02-14,3218.93701171875,3241.6988438998887,3214.2466049729323,3223.4433048440997,1579818
2023-02-15,3237.8359375,3242.756261571135,3182.1959052183624,3206.889133323468,1429449
2023-02-16,3272.2314453125,3287.8198047959163,3243.6756507734817,3243.8595398428197,1618931
2023-02-17,3219.90234375,3254.6198842343974,3209.648113656855,3242.894092415164,1061369
2023-02-20,3207.165283203125,3239.07778776799,3195.8993255369815,3220.684387496735,1296082
2023-02-21,3173.780517578125,3227.0293098204515,3168.032581259706,3213.3263194488463,1139541
2023-02-22,3128.303466796875,3170.102422501116,3122.279583519376,3140.626954722956,1218430
2023-02-23,3139.569091796875,3175.068214566864,3134.2349615691996,3146.1906700493637,1441570
2023-02-24,3127.29150390625,3158.1004459242777,3110.5995848333705,3147.5702703492466,977592
2023-02-27,3064.202392578125,3117.681110007593,3049.6255341549195,3117.681110007593,1128022
2023-02-28,3046.728759765625,3119.52054831469,3034.8188539926205,3061.121505031087,4116217
2023-03-01,3113.726318359375,3116.761273918401,3048.7057016935673,3056.063060853009,1669307
2023-03-02,3054.637451171875,3099.195411560482,3051.464635019518,3091.0104395119347,1556538
2023-03-03,3073.6748046875,3088.2516630694918,3063.5126314585646,3084.5729833040723,1043190
2023-03-06,3100.98974609375,3131.430691976992,3089.171895384422,3091.8388488883434,1334132
2023-03-08,3118.048583984375,3123.1988249795963,3063.2824237877426,3093.769389644099,1844590
2023-03-09,3068.80078125,3113.0827998019863,3063.28276151623,3113.0827998019863,1648500
2023-03-10,3063.4208984375,3069.168836178489,3025.714426856612,3046.7747809280686,1024404
2023-03-13,3018.31103515625,3099.1041377752385,3009.1603631874063,3065.2602354839933,1901233
2023-03-14,2956.69287109375,3038.9573035005947,2951.588657947801,3016.5174464543434,2670334
2023-03-15,2941.932373046875,2998.4462760881806,2935.586739643008,2988.927601453564,1780522
2023-03-16,2929.148681640625,2961.1532396142297,2917.1929727359693,2950.301089702708,1901060
2023-03-17,2923.90673828125,2962.62470874156,2891.4423439035454,2897.420198622175,6739966
2023-03-20,2890.798828125,2915.031998513119,2846.424749516427,2915.031998513119,2289468
2023-03-21,2856.587158203125,2903.168355218821,2848.631877759173,2890.7988382721433,1815297
2023-03-22,2879.302734375,2890.9824978748425,2856.586931436793,2878.612981910102,1123939
2023-03-23,2873.646484375,2893.603500974921,2851.896380891422,2864.679702784,1372218
2023-03-24,2869.830322265625,2915.3539886499057,2856.4951068601285,2895.9488612483124,1329577
2023-03-27,2871.485107421875,2899.489008374501,2856.4944445361034,2883.164869163131,1524217
2023-03-28,2865.599365234375,2896.5463922339063,2860.3112632842117,2875.807790984465,1303530
2023-03-29,2886.752197265625,2896.960624515923,2854.747859513075,2877.6475536858165,1740616
2023-03-31,2948.369873046875,2954.8996196587623,2898.799751373924,2933.701181901108,2382581
2023-04-03,2942.94384765625,2965.889568062685,2918.8025114059446,2965.889568062685,1521830
2023-04-05,2979.546630859375,3002.124572143045,2929.608509647277,2929.608509647277,2655065
2023-04-06,2961.98095703125,2995.686995347432,2956.7388832326774,2965.935582713961,1703464
2023-04-10,3001.2509765625,3009.1602283433854,2956.7390385464496,2961.337388528637,2203187
2023-04-11,2955.63525390625,3010.033640232757,2935.7242652855402,3001.8026392985266,2348779
2023-04-12,2981.247802734375,2998.99747647919,2942.023971821231,2968.6483701740635,2417727
2023-04-13,2932.689453125,2970.5337797333086,2924.550284690997,2952.140381716384,4174070
2023-04-17,2887.303955078125,2909.2839781910698,2823.6168077969783,2882.337826906714,5505048
2023-04-18,2879.256591796875,2903.260066434997,2860.725332786317,2901.51255887594,2617302
2023-04-19,2841.412109375,2887.763380835499,2824.7659949796926,2879.2564345702986,3298034
2023-04-20,2855.39111328125,2862.9323614573923,2830.7439153761175,2841.7799540325545,2419999
2023-04-21,2906.938232421875,2910.2489088198,2851.7120187755168,2860.172935608545,1929184
2023-04-24,2919.767822265625,2925.423701910702,2875.025750302378,2897.971692192347,1640676
2023-04-25,2920.871826171875,2934.8507648170635,2894.6612320138465,2927.309515965075,2024090
2023-04-26,2941.2421875,2950.6688039321384,2925.469938598228,2925.469938598228,2000029
2023-04-27,2931.862060546875,2942.208348501938,2915.9517239413262,2929.1490788333113,2434446
2023-04-28,2960.6474609375,2968.004820473883,2939.4950522704,2943.311592718381,2931312
2023-05-02,2960.785400390625,2975.1323416797973,2952.140592516893,2975.1323416797973,2321159
2023-05-03,2924.45849609375,2957.6586723706264,2918.2507236937186,2957.6586723706264,2468285
2023-05-04,2961.98095703125,2965.429719336731,2922.711095151928,2924.688295728886,1953253
2023-05-05,2971.177978515625,2983.409635057104,2952.186881840122,2961.3375539099493,1710027
2023-05-08,2989.479248046875,2993.38784535891,2971.7295729946986,2984.3290064830276,928235
2023-05-09,3019.505859375,3033.0709888734486,2985.2481594551896,2991.318069923626,1107375
2023-05-10,3022.771484375,3040.888938969524,3003.6883313480475,3025.7143835505017,1559987
2023-05-11,3018.494873046875,3043.831827060006,3009.1603121346334,3043.1881029503365,1719623
2023-05-12,3011.275146484375,3025.7139187593248,2998.1238222356833,3015.7354107050955,1027479
2023-05-15,2993.571533203125,3027.553290878769,2987.409789819426,3020.1959317271803,1150390
2023-05-16,2996.42236328125,3021.115589647415,2989.3409500316684,2994.6290519009144,986306
2023-05-17,2950.94482421875,3016.517334349857,2941.3343184708624,2994.39922789193,1588815
2023-05-18,2942.80615234375,2969.5684147449815,2938.3456630124733,2966.809404732763,1369364
2023-05-19,2963.9580078125,2974.6720715435754,2945.7485002335166,2952.140160660033,1152449
2023-05-22,3033.71533203125,3042.6821143773673,2958.6243676314443,2970.5340490212952,1333243
2023-05-23,3032.197265625,3060.6149717584267,3025.805605617571,3040.42826517579,1687418
2023-05-24,3037.991455078125,3050.728747641939,3012.838395148391,3012.838395148391,1016555
2023-05-25,3028.932861328125,3040.42873525149,3004.653665413494,3029.3926962850596,1374917
2023-05-26,3061.4892578125,3070.4560399745756,3026.6338559375918,3028.9330308509448,1791115
2023-05-29,3053.62646484375,3101.1273319405063,3045.947130304554,3090.8270725408915,1210372
2023-05-30,3049.809326171875,3059.6957777547364,3036.152362656079,3048.7057671800108,1344224
2023-05-31,3025.254150390625,3060.3854958314014,3002.8600984079567,3043.1877135256354,5815424
2023-06-01,3056.98291015625,3071.6976293387106,3032.611656510299,3047.786210667212,1177314
2023-06-02,3040.061279296875,3067.9271010174266,3032.5658339871675,3059.0523752195204,2030661
2023-06-05,3024.7021484375,3059.741660328517,3021.1615541519814,3048.7056218782786,1861468
2023-06-06,2972.649169921875,3024.6565495489344,2961.8890766094332,3016.5173808287786,2022849
2023-06-07,3011.8271484375,3015.460024506568,2980.65042571226,2991.6864655482823,1567196
2023-06-08,2976.465576171875,3007.320545945049,2973.2927599511754,2999.0435169195125,1759366
2023-06-09,2951.49658203125,2988.92710113042,2947.8639309217856,2984.3287517440654,1775689
2023-06-12,2986.076416015625,2992.9739409759577,2953.060353017023,2956.739032995867,2324605
2023-06-13,2983.13330078125,3002.7223151549406,2978.81089702507,2998.123965514581,1371928
2023-06-14,2989.892822265625,2994.3072826160305,2966.7171860869717,2983.1331588044936,1658544
2023-06-15,2979.9326171875,3008.7932982828993,2974.0955619663478,3006.801393292492,2273810
2023-06-16,2941.575439453125,2964.2749262033685,2924.0644972966825,2962.0513934909673,4156189
2023-06-19,2974.466796875,2978.6360907303124,2941.6684423593424,2955.5660885437173,1468186
2023-06-20,2990.494873046875,2994.942164191664,2965.8034836575825,2977.8017372658956,1528452
2023-06-21,3018.753662109375,3021.718447715978,2987.020706957234,3011.1563283053792,1645987
2023-06-22,3000.50146484375,3027.509130331622,2992.7188743583506,3020.421422075228,1529603
2023-06-23,2979.9794921875,3010.600456074895,2973.308441549502,2999.3898246945273,1119505
2023-06-26,2955.241455078125,2977.7093143980414,2939.8151596740126,2969.4634688796755,1978803
2023-06-27,2962.375732421875,2973.7716202061024,2948.431716890738,2966.6839118331172,863542
2023-06-28,2979.145263671875,2993.506162547034,2958.7156816452284,2972.242812355477,1575872
2023-06-30,3059.56640625,3066.746855836929,2977.8946733632847,2983.3609896661364,2672406
2023-07-03,3031.817626953125,3074.9003264457365,3028.5284723972923,3070.7310329464513,1687264
2023-07-04,3065.681640625,3071.3795846691332,3036.450215024391,3048.216842703303,1656681
2023-07-05,3075.96533203125,3084.350288689611,3062.114059513116,3076.0117027484253,1453008
2023-07-06,3078.698486328125,3083.8406595588453,3059.334527255893,3063.5501909386862,1848238
2023-07-07,3084.58203125,3110.199930757501,3059.334645096493,3059.334645096493,1789326
2023-07-10,3031.4931640625,3080.412918176495,3025.239224007551,3080.412918176495,1407431
2023-07-11,3031.91015625,3052.8493652895645,3021.1627797878978,3052.8493652895645,1110172
2023-07-12,3020.32861328125,3047.429019608131,3011.2489999836316,3039.8316859801516,1515240
2023-07-13,3095.052001953125,3119.9750222295534,3032.2345994922275,3042.657833544412,4585146
2023-07-14,3256.356689453125,3265.8072677930727,3105.66000208669,3117.704626199795,6306101
2023-07-17,3235.09326171875,3289.0160708092913,3221.5199876631723,3252.0484312581953,2743228
2023-07-18,3239.865234375,3265.0198799170403,3210.3558126880093,3220.5474184425743,2600090
2023-07-19,3215.034912109375,3258.3956097228456,3192.42794053721,3242.7838313695074,2405370
2023-07-20,3217.125,3231.615999345678,3191.8119589657226,3207.6500721995853,1715404
2023-07-21,3128.87744140625,3190.743301408389,3120.2849419514946,3162.086290650304,3770223
2023-07-24,3153.447509765625,3170.8182482458337,3132.4075869016933,3140.6748745909354,1680132
2023-07-25,3157.53466796875,3164.641033805337,3139.9316997265273,3156.0020424597774,1272980
2023-07-26,3147.455810546875,3177.692164718962,3144.390332959445,3158.649328138262,1066803
2023-07-27,3155.444580078125,3169.1461341109766,3144.437026978076,3153.633233546405,1701769
2023-07-28,3116.89453125,3152.4721721313763,3094.2289997510134,3144.3906226830322,2599831
2023-07-31,3178.249755859375,3183.0800891327967,3122.0036670222876,3125.254883408398,2743678
2023-08-01,3206.67431640625,3214.0591758025353,3172.2578281403635,3172.2578281403635,1956167
2023-08-02,3196.084716796875,3201.4260004622265,3170.957642026737,3190.7899244338078,1914899
2023-08-03,3158.27734375,3189.2103843153136,3128.5984342456786,3176.902210546384,2026351
2023-08-04,3198.779052734375,3224.2778338068492,3159.4857338621564,3159.4857338621564,2248493
2023-08-07,3236.399658203125,3240.068842182521,3196.641887374026,3208.4391110234615,1853889
2023-08-08,3223.90576171875,3241.8802048934517,3210.900898181017,3236.3996745458503,1634225
2023-08-09,3216.381591796875,3220.561726717622,3181.5936254249154,3218.6109063732065,1794589
2023-08-10,3197.43212890625,3218.6113003342507,3186.238609779897,3204.7704981728284,1096701
2023-08-11,3203.655517578125,3220.236583715237,3171.329094804473,3193.7161307988767,1679974
2023-08-14,3204.630859375,3209.414700848217,3168.5422705045635,3196.1311156291627,1190425
2023-08-16,3212.572998046875,3219.6328723246997,3191.0221251590224,3204.770170086617,1328445
2023-08-17,3191.533447265625,3214.802913522075,3170.586278504093,3209.4151379764926,1843241
2023-08-18,3127.76318359375,3167.613717061391,3117.916551705736,3167.613717061391,2526749
2023-08-21,3159.85693359375,3167.3812675130794,3132.314578504026,3135.1013352464674,1375579
2023-08-22,3141.74267578125,3168.5420742775395,3125.8583001353277,3158.323967324431,1222012
2023-08-23,3156.69873046875,3160.1821764304236,3136.0302844294856,3147.1773115068418,1330046
2023-08-24,3146.9453125,3170.447008335197,3137.981334949488,3165.755922072172,1152881
2023-08-25,3140.95361328125,3145.133748452828,3112.1106352399906,3135.101378683671,1158046
2023-08-28,3135.612548828125,3152.75105887329,3121.2607957589826,3152.75105887329,1037485
2023-08-29,3136.169921875,3148.6175730660334,3125.8125653079715,3140.721761236875,944517
2023-08-30,3149.91748046875,3165.8485755841652,3142.579111915721,3156.4664040334264,1188200
2023-08-31,3118.195068359375,3174.487418701091,3105.979648519252,3159.2532391652235,3417652
2023-09-01,3139.00244140625,3148.105891229252,3118.194750485235,3126.740758299694,1277950
2023-09-04,3175.50927734375,3188.839354347761,3130.5032017453473,3137.888061684127,1828332
2023-09-05,3185.58837890625,3201.98370810682,3163.1083582727633,3176.902895771779,1501842
2023-09-06,3186.09912109375,3199.1039868231646,3156.559678937854,3189.9077796292513,1314818
2023-09-07,3209.647216796875,3214.059581829734,3179.0393826105205,3186.9351937219517,1885092
2023-09-08,3197.245849609375,3218.703966769239,3190.8828912594386,3209.647007555386,1518917
2023-09-11,3233.241455078125,3237.9325408464088,3200.1255872484753,3215.917208433736,1783604
2023-09-12,3326.272705078125,3334.725730646849,3235.424395053453,3243.7846648081127,4476016
2023-09-13,3314.2431640625,3333.7504596439576,3293.0172779174695,3317.26215028344,1754929
2023-09-14,3306.997802734375,3341.9715088947505,3293.574969875399,3316.28699181143,2604721
2023-09-15,3342.52880859375,3350.935569707804,3309.2269764561156,3314.243274416184,2952897
2023-09-18,3349.820556640625,3362.0359753584007,3321.117055435085,3325.5759111878315,1395753
2023-09-20,3349.72802734375,3367.3309950501616,3325.52964476678,3325.52964476678,1649396
2023-09-21,3330.453125,3348.7527827829417,3277.2260243157334,3333.472111558681,2004073
2023-09-22,3347.49853515625,3375.45908502732,3311.6424013468136,3329.2453693121192,1989083
2023-09-25,3322.88232421875,3362.686591856432,3305.697323680257,3346.430510265966,1238778
2023-09-26,3330.824462890625,3339.4169627375986,3284.6572387999286,3314.0111668297322,1726062
2023-09-27,3334.16845703125,3357.1127071544365,3302.9566931122054,3334.8186548656413,1541134
2023-09-28,3285.354248046875,3346.7093928835707,3276.6225002286055,3344.1083743461513,1755753
2023-09-29,3277.782958984375,3314.8002369860105,3256.3713353484836,3285.7715245693503,2243791
2023-10-03,3264.081787109375,3282.9851507659523,3232.7307740458355,3282.9851507659523,1948148
2023-10-04,3286.282958984375,3295.8043780585294,3230.129854777585,3238.4901251841598,1788138
2023-10-05,3334.21484375,3366.4017900176427,3298.7764548387318,3301.37747288154,2990768
2023-10-06,3363.98681640625,3376.573712868575,3320.931561429297,3335.747772538649,2075691
2023-10-09,3379.732177734375,3417.492640385133,3372.904533090084,3385.955889020274,4233074
2023-10-10,3370.9541015625,3388.6965453518687,3345.362564290118,3381.3116845865593,1848148
2023-10-11,3353.30419921875,3390.553937299432,3348.7525873875215,3390.553937299432,2426417
2023-10-12,3290.74169921875,3333.56472449737,3286.6080554652567,3320.885072209126,4241281
2023-10-13,3317.0302734375,3322.7430341793447,3274.4392495057846,3279.0838441859346,2890357
2023-10-16,3273.556884765625,3320.5600477596604,3268.958781301307,3312.5249895233706,1671104
2023-10-17,3257.76513671875,3282.9387033243615,3254.32818207953,3279.083780529412,1672065
2023-10-18,3239.37255859375,3272.3026895076964,3236.353572052656,3261.4343833171283,1408245
2023-10-19,3218.324462890625,3238.0686815240006,3214.832003562597,3231.223370291604,1514545
2023-10-20,3254.552734375,3259.16273477458,3207.5209532330896,3213.4347140416057,1481211
2023-10-23,3175.949462890625,3240.0244989975004,3167.707394851243,3234.4831753695994,1106272
2023-10-25,3157.276611328125,3189.7796767932823,3145.262414223449,3157.6490493920073,1518537
2023-10-26,3107.58984375,3142.002159023478,3101.3034179028996,3136.740278708316,1984471
2023-10-27,3120.81494140625,3131.1061000295,3107.8230386075074,3119.9302305469437,1108851
2023-10-30,3146.519775390625,3150.5245077395016,3104.7964806224877,3119.9304717166356,910972
2023-10-31,3137.392333984375,3165.5648365752554,3119.9766505847397,3165.5648365752554,999811
2023-11-01,3101.9091796875,3140.0470177894435,3083.608783594488,3124.5869734096973,1563475
2023-11-02,3129.3369140625,3144.098239691914,3113.597426931296,3113.597426931296,1245384
2023-11-03,3120.7685546875,3155.227488075118,3114.621962453366,3149.732776133044,1402598
2023-11-06,3148.102783203125,3159.3252644555632,3128.3121806905697,3143.213340229435,1099852
2023-11-07,3138.975830078125,3170.3613524077323,3134.8314904867043,3146.0073603280116,1191144
2023-11-08,3149.31396484375,3168.312854821701,3138.1380937099716,3139.9075156900144,992899
2023-11-09,3117.55517578125,3158.579973678366,3112.5261256846,3157.2762132454977,2112352
2023-11-10,3104.516845703125,3117.5553602980613,3094.179302698473,3108.754408421209,1338557
2023-11-13,3102.747314453125,3125.5181025923366,3098.509751884596,3125.5181025923366,1030990
2023-11-15,3170.501220703125,3178.603680948949,3125.5649102414236,3150.757229249606,2059802
2023-11-16,3257.62646484375,3286.9631232989923,3179.7212020773018,3194.482754503449,3951984
2023-11-17,3261.910400390625,3282.446106711715,3252.6903987151904,3257.6264533729463,2021292
2023-11-20,3277.882568359375,3291.200297423911,3251.4794860942648,3251.4794860942648,1475621
2023-11-21,3269.1279296875,3295.9966725893887,3260.5598088550396,3277.8824969038105,1807236
2023-11-22,3287.708251953125,3290.0365583585913,3242.027062176816,3259.6289676526717,1798051
2023-11-23,3267.312255859375,3300.6070362048386,3259.628845010422,3287.568520824797,2729804
2023-11-24,3219.675048828125,3263.8662551978136,3215.8565356961108,3254.273588142524,1989733
2023-11-28,3231.82861328125,3242.1663837595383,3197.2300740959413,3219.675036815199,1689195
2023-11-29,3272.434326171875,3276.3924466659996,3237.090683940245,3241.9335153053853,1441634
2023-11-30,3248.080322265625,3275.135057994798,3241.9335030426573,3259.1163570597796,3266235
2023-12-01,3270.478759765625,3275.4148147825376,3250.3623289990637,3259.628942947853,1172141
2023-12-04,3271.223388671875,3304.145727168507,3257.76582517753,3301.2119251213085,1625213
2023-12-05,3289.05859375,3295.0189667313125,3262.2364605867833,3295.0189667313125,1377656
2023-12-06,3356.5791015625,3364.728172438132,3283.051017305754,3289.989550978767,1896572
2023-12-07,3366.637451171875,3381.2127840148296,3345.030815693545,3357.4174498180882,1967653
2023-12-08,3377.62744140625,3394.670689519725,3354.6704315335883,3383.494818936944,1641155
2023-12-11,3392.714599609375,3402.12104768493,3366.7307931511145,3374.0881498547355,1102503
2023-12-12,3419.9091796875,3444.4027776512853,3381.631736937403,3389.0357047671787,2236866
2023-12-13,3346.75439453125,3399.3275101379622,3318.3024434579615,3393.320524807112,3850968
2023-12-14,3415.392333984375,3425.404050554102,3378.465488934795,3380.7005719171807,3290396
2023-12-15,3595.835693359375,3628.38536492244,3414.879710246803,3414.879710246803,8531230
2023-12-18,3594.15966796875,3659.1660225226565,3567.1047044603515,3593.135349665333,2521612
2023-12-19,3554.113037109375,3590.341620394988,3529.7124319987875,3580.9351717771337,2004435
2023-12-20,3520.445068359375,3631.039596597772,3507.8722167280625,3564.4034374770918,2586083
2023-12-21,3527.3837890625,3545.26513467688,3486.2659937315334,3498.27996242007,1517562
2023-12-22,3561.377197265625,3581.819680420596,3503.635202958494,3539.025457533832,2413058
2023-12-26,3534.88134765625,3570.6906542039846,3529.852069465564,3557.512531080164,1285231
2023-12-27,3549.456298828125,3555.9755563874555,3509.2232119367036,3538.094209699452,1293976
2023-12-28,3538.932373046875,3574.415852211362,3531.6682392482426,3561.377336856761,1682889
2023-12-29,3532.87841796875,3560.073214846418,3506.8013899069297,3531.574657515115,1574996
2024-01-01,3549.36328125,3568.8278306083957,3513.879802945062,3529.712285492124,825907
2024-01-02,3523.379150390625,3549.363183929598,3508.5246023534996,3549.363183929598,1344068
2024-01-03,3438.20947265625,3512.8084878989966,3433.8323028478494,3508.2914833063164,1803075
2024-01-04,3414.972900390625,3463.58788246761,3400.2579615190225,3447.5225716387404,3598144
2024-01-05,3481.190185546875,3490.3638028676905,3422.4704854443794,3422.6100928660567,1963127
2024-01-08,3425.683837890625,3482.913564061476,3420.1888983303925,3481.1905263659637,1067805
2024-01-09,3436.487060546875,3494.6483369499874,3429.8281951199665,3455.160123552573,1370944
2024-01-10,3458.046875,3473.1342532438607,3434.7172021085626,3436.579847012092,1292227
2024-01-11,3479.00146484375,3513.879443530223,3452.4121646346503,3468.244645562298,1777909
2024-01-12,3616.138671875,3637.0468143478074,3559.141786285624,3583.728606775587,6813450
2024-01-15,3635.696533203125,3692.6934202169923,3618.1876261142534,3688.036808085571,2801505
2024-01-16,3596.115478515625,3631.2262899610105,3590.760374343459,3631.2262899610105,1432672
2024-01-17,3617.8154296875,3641.4243183462013,3550.713598917996,3556.7205834939423,3458696
2024-01-18,3634.578857421875,3640.35301077668,3596.767077362911,3630.294683469867,2239110
2024-01-19,3697.83447265625,3717.059591726697,3671.575773438078,3699.6631577031208,2941975
2024-01-23,3618.308349609375,3689.253641723034,3603.7722828902806,3657.461948675322,2618854
2024-01-24,3602.88134765625,3642.1285897607904,3568.9326446510017,3638.7056721419845,2657709
2024-01-25,3573.340087890625,3620.8870436828015,3543.7051787524156,3601.0991467068993,2205154
2024-01-29,3564.618408203125,3582.436811190723,3545.7216145125103,3564.430891857951,1646747
2024-01-30,3564.196533203125,3608.5080891700763,3551.4891523141855,3570.6673355072853,1411621
2024-01-31,3578.63916015625,3595.5666912836496,3560.3518491285945,3574.1845587520775,2459358
2024-02-01,3614.463134765625,3662.057029330496,3568.4167652804376,3582.436989907515,2363107
2024-02-02,3719.638671875,3736.612908383376,3631.2030759637855,3634.063444426215,2826510
2024-02-05,3726.203369140625,3771.8747052852855,3715.6999348975555,3735.300087307631,1691523
2024-02-06,3878.78564453125,3891.821123658746,3741.8652615279707,3748.4299374253883,4474396
2024-02-07,3829.4560546875,3896.603391231385,3820.593789517031,3894.7277698637645,2124267
2024-02-08,3877.00341796875,3899.417002760364,3831.9415667460817,3835.6458733260915,2345173
2024-02-09,3876.628662109375,3924.503719974254,3845.024255187154,3879.301056539786,2100596
2024-02-12,3864.43701171875,3900.9177589811775,3850.228812262782,3873.1584686878864,1013716
2024-02-13,3891.445556640625,3910.6706762721788,3827.67442810669,3868.891392141469,1257415
2024-02-14,3845.11767578125,3858.997090733716,3797.6643636034514,3851.5884779156377,1391283
2024-02-15,3848.025146484375,3888.444422362778,3829.081186690457,3871.2826692770527,1091582
2024-02-16,3871.5634765625,3889.991821945157,3845.117491300484,3857.4496096162657,1307556
2024-02-19,3848.58740234375,3871.5637647018066,3802.8224229354896,3866.640258482223,772291
2024-02-20,3779.986572265625,3843.1482139238024,3760.6208730684352,3828.2371155114192,1193648
2024-02-21,3743.271728515625,3810.6535246443304,3733.0496825963114,3763.4346602864093,1885939
2024-02-22,3832.926025390625,3840.2877016688244,3724.0461165985157,3724.0461165985157,2982052
2024-02-23,3800.102783203125,3873.1581442686033,3794.7570791114713,3873.1581442686033,2538072
2024-02-26,3752.2275390625,3798.1333269385277,3735.065557497388,3785.0039771663946,1379284
2024-02-27,3849.14990234375,3867.5310824856756,3750.3047523909354,3750.3047523909354,2960475
2024-02-28,3862.7958984375,3896.5099212553473,3834.7082823885885,3840.897925124464,1939225
2024-02-29,3840.4287109375,3880.7545712662445,3811.778548098447,3844.08608110517,3772719
2024-03-01,3839.725341796875,3882.5363087877504,3832.6448252006635,3851.776300908435,2043265
2024-03-04,3826.923828125,3861.8103380983325,3822.4222912670302,3849.71267244036,1749271
2024-03-05,3762.590087890625,3811.262367586528,3732.4862753431057,3809.386746342637,2070859
2024-03-06,3811.544189453125,3818.7652862706927,3712.276832263034,3745.662985779128,1744204
2024-03-07,3853.089111328125,3867.5313044415575,3786.598195707899,3812.200473461429,2688905
2024-03-11,3865.984130859375,3894.7279379757806,3834.70805162123,3834.70805162123,2304068
2024-03-12,3931.53662109375,3966.8922650781215,3864.7643209446364,3865.9837495151633,4039801
2024-03-13,3890.9765625,3977.255146194866,3874.9399080779876,3943.493961270788,2837260
2024-03-14,3945.932373046875,3962.2501875616867,3831.8945009176455,3895.1500154804917,2919608
2024-03-15,3956.857666015625,3975.3794267322946,3917.2351652419898,3931.865103264559,3373143
2024-03-18,3894.2587890625,3990.1499296240027,3861.76374108121,3953.106408331295,1526904
2024-03-19,3729.95458984375,3805.6358684946754,3719.9200610190014,3799.3056461900082,8931209
2024-03-20,3723.952392578125,3768.123367840969,3713.9178639455963,3738.113425638154,1817913
2024-03-21,3725.875,3759.120343748554,3702.476668668117,3741.9116546616547,3829582
2024-03-22,3667.683837890625,3693.098599879169,3615.260310445454,3654.6483605203457,5852485
2024-03-26,3636.36083984375,3701.257291825828,3630.68703955033,3634.016313190079,3440925
2024-03-27,3602.037353515625,3652.7730085811854,3591.2525294851544,3646.677238477006,1968575
2024-03-28,3635.235595703125,3671.5288233376846,3601.661927465741,3610.6650016041267,4311783
2024-04-01,3673.170166015625,3688.690979343402,3646.2550439346555,3655.3048258696854,1569676
2024-04-02,3642.26953125,3666.699547713614,3632.141129095373,3648.083912259489,2142666
2024-04-03,3701.820068359375,3733.4242418469757,3611.5088559037185,3611.5088559037185,3973090
2024-04-04,3754.337646484375,3778.1110105154908,3690.519582126367,3728.6414957560305,3394637
2024-04-05,3731.783203125,3753.1183964079287,3714.199252617092,3730.610939757806,1636819
2024-04-08,3725.500244140625,3781.862534405873,3713.7306731098083,3735.300320958678,2302538
2024-04-09,3701.1171875,3766.107520484254,3680.9542556869656,3736.2381554944186,1876992
2024-04-10,3736.847412109375,3742.052307422326,3674.3424188992844,3710.3542591400274,2101965
2024-04-12,3752.555419921875,3763.762440285618,3700.131896496917,3724.0460679227617,4354821
2024-04-15,3696.099365234375,3811.450077595125,3675.326950485817,3752.555521752734,4200329
2024-04-16,3631.953369140625,3684.37689632826,3622.622198353119,3659.33739612377,3051420
2024-04-18,3621.824951171875,3691.2229435040135,3610.571222685582,3635.704595429841,3476284
2024-04-19,3588.25146484375,3612.962869820078,3564.5248069516724,3599.3176775438415,2957749
2024-04-22,3624.263671875,3636.830244882277,3574.934732720794,3598.3800024789316,1728883
2024-04-23,3633.73486328125,3652.7724651814333,3620.5118705508353,3635.9388098818245,1807586
2024-04-24,3592.799560546875,3655.585938193527,3586.6099186323313,3648.083452943258,1317312
2024-04-25,3612.63427734375,3632.7502707587055,3573.9965228878514,3574.1840392334375,2856271
2024-04-26,3583.703369140625,3635.7049318750132,3566.072480422347,3615.4011908108196,2039178
2024-04-29,3629.514892578125,3636.6423454168485,3581.6865473099597,3599.3174341023114,1110693
2024-04-30,3583.04638671875,3640.3467125091584,3573.058794270598,3631.2030581143713,2203078
2024-05-02,3623.044189453125,3630.3591588386275,3543.095825813969,3543.095825813969,2491044
2024-05-03,3604.381591796875,3651.459872612422,3561.430044438285,3648.224242496259,2962234
2024-05-06,3677.20263671875,3694.927167103904,3613.384573734727,3613.384573734727,2053831
2024-05-07,3731.501708984375,3739.988941315255,3670.12204659911,3686.3462169354693,2062112
2024-05-08,3729.62646484375,3736.519465528825,3693.6615594889295,3714.6684289785862,1247685
2024-05-09,3713.917724609375,3724.0461255143723,3666.8866116609574,3715.6058295864877,1726486
2024-05-10,3651.740966796875,3726.484662213695,3643.441479536376,3716.1687445881325,1672489
2024-05-13,3702.289306640625,3709.0414982162547,3629.327584853832,3642.925840662716,931326
2024-05-14,3658.587158203125,3700.413608162642,3650.803283386374,3691.2230172569975,1058317
2024-05-15,3639.08056640625,3682.7357004952323,3634.485385536964,3661.6818959693137,1115021
2024-05-16,3684.94189453125,3693.018499850829,3630.6731306245456,3675.6374588606977,2599399
2024-05-17,3621.794189453125,3702.9375501529057,3617.9211268075583,3701.992923226846,2765804
2024-05-21,3608.663330078125,3631.8539646234467,3599.075460107987,3618.4875873749434,1908117
2024-05-22,3619.809814453125,3628.547612152418,3606.160003631016,3622.643694788031,1311168
2024-05-23,3677.857421875,3688.7679082914883,3613.6700725144915,3628.2645114562283,2095742
2024-05-24,3636.34130859375,3668.742057896385,3631.429294761055,3663.4993323947815,1309452
2024-05-27,3634.02685546875,3691.9325288692844,3628.64252842061,3641.5365929797185,1841538
2024-05-28,3627.2724609375,3655.7058206803945,3617.9207475984267,3644.370298755804,1801993
2024-05-29,3593.030029296875,3635.774396680819,3589.582233347775,3635.774396680819,1568095
2024-05-30,3529.220458984375,3584.2920197241397,3509.7137762005277,3567.855604818015,2919230
2024-05-31,3467.67822265625,3542.162149196739,3451.43068539674,3532.904759051333,10956800
2024-06-03,3497.811767578125,3543.815050940118,3491.3409811408733,3526.1032967744277,2156773
2024-06-04,3509.2890625,3537.6278705417226,3392.627636061575,3495.1196584791387,3395997
2024-06-05,3538.997314453125,3574.2792205302862,3495.1194421750433,3510.2334721952598,2799670
2024-06-06,3618.299072265625,3627.2730285268212,3534.321826449053,3571.634591956132,4328036
2024-06-07,3678.329833984375,3698.2142761529285,3624.8168128885063,3624.8168128885063,4552445
2024-06-10,3645.03173828125,3689.6180814133613,3629.161960387638,3679.3217405498876,1734661
2024-06-11,3638.79736328125,3665.1050839975637,3628.3119124726636,3632.0904200618043,1419898
2024-06-12,3619.4794921875,3677.9047569591216,3615.5121054162055,3659.8622913039767,2177001
2024-06-13,3663.40478515625,3674.5987063691045,3638.7028835305373,3643.23713885556,1932323
2024-06-14,3619.857421875,3673.6538756786167,3616.031636949793,3673.6538756786167,1860730
2024-06-18,3603.84619140625,3629.256562858962,3584.9063758687394,3614.1898098741085,1774045
2024-06-19,3591.188232421875,3621.558127260561,3582.922746603089,3615.7012556686554,1509050
2024-06-20,3577.5380859375,3598.981069597492,3570.736818650082,3585.8035709865335,2846526
2024-06-21,3599.736572265625,3663.073845227325,3587.7398580494246,3615.0867577407457,4642195
2024-06-24,3605.45166015625,3643.425611853127,3581.3636764636767,3597.8473681995324,1702154
2024-06-25,3625.90283203125,3634.593352796922,3582.875033532891,3605.6406325261373,1338808
2024-06-26,3642.33984375,3652.8250643098772,3628.312041577448,3631.618235835589,1639845
2024-06-27,3716.3037109375,3723.7191241208575,3606.679947095457,3618.865541478185,4526556
2024-06-28,3687.965087890625,3740.722593484322,3682.0141228075263,3700.8593836882187,2731571
2024-07-01,3757.91455078125,3780.113282123888,3668.9307461619287,3668.9307461619287,2658723
2024-07-02,3794.9443359375,3800.6120978156096,3762.024224068573,3772.4623983184556,2307449
2024-07-03,3745.681396484375,3803.1620291721683,3735.9989718418014,3797.3997134776337,1821198
2024-07-04,3798.29736328125,3823.2356509992096,3761.598747788845,3778.3658747158024,2518001
2024-07-05,3789.654052734375,3803.7761780539627,3767.171887521997,3787.953678275629,1668616
2024-07-08,3772.083740234375,3808.0268365618135,3757.772736278706,3799.289038549238,1758882
2024-07-09,3764.810546875,3785.0727479543702,3754.9865192673674,3764.3382334203675,1305801
2024-07-10,3692.688232421875,3781.624995321451,3685.9342421919528,3763.1102154389605,2669716
2024-07-11,3706.432373046875,3759.6149115124776,3679.8884965924376,3713.3281952652137,4872189
2024-07-12,3952.272216796875,3967.3862483978237,3751.3971521774197,3759.6153607360716,13509164
2024-07-15,3938.33837890625,4005.217774223689,3926.860793883842,4001.1560633368813,4848030
2024-07-16,3947.076416015625,3962.2845399612966,3915.383907085896,3940.983388073058,2029521
2024-07-18,4076.584228515625,4085.51113676854,3929.6477061172545,3929.6477061172545,5613364
2024-07-19,4073.60205078125,4126.955499689888,4057.3641651955472,4087.8043639433604,3903354
2024-07-22,4059.35205078125,4090.218499814398,4038.19051447339,4071.2820847406656,1896386
2024-07-23,4073.55517578125,4129.749091200278,4039.4220034038367,4055.2340980748054,2365208
2024-07-24,4077.24755859375,4108.350718063942,4041.1264332081723,4059.494666466346,1809793
2024-07-25,4092.6328125,4112.042638447079,4046.901553853059,4066.595241107577,2810342
2024-07-26,4154.5078125,4187.2679052166895,4106.4090376287495,4118.670552129421,3552210
2024-07-29,4148.11669921875,4195.362964674367,4138.553716676068,4180.21383187482,1746803
2024-07-30,4133.20458984375,4164.118198879963,4097.177778242139,4157.585227320139,1797906
2024-07-31,4152.14111328125,4179.267439518362,4113.936797622856,4118.670902108038,2330091
2024-08-01,4163.265625,4184.2847683252885,4132.919742480951,4165.443127805721,2202244
2024-08-02,4055.281005859375,4164.118251496919,4042.9251782382544,4132.873162297419,2811282
2024-08-05,3934.087890625,4013.5736879846177,3891.907205581687,4013.5736879846177,2787771
2024-08-06,3949.37890625,4031.799467797811,3939.531600575893,3949.142201061965,2203067
2024-08-07,3977.07373046875,4019.2072572996026,3957.994920939523,4003.1584593448297,1237666
2024-08-08,3950.656982421875,4006.9456644536194,3938.7745661925937,3958.657803185393,2441283
2024-08-09,4003.8681640625,4027.443907788756,3981.901738189192,3992.7430204792345,1302536
2024-08-12,3972.528564453125,4013.5733382592252,3963.7233160113306,4005.051951129163,936912
2024-08-13,3973.76025390625,4008.8397841438527,3960.5519171170845,3988.956544779889,1495593
2024-08-14,4066.832275390625,4077.2001486736017,3965.42766940822,3985.1689766880017,3226545
2024-08-16,4181.20751953125,4191.575391499624,4095.0944511200714,4118.670194945417,3457058
2024-08-19,4251.22607421875,4255.250063264502,4156.875458820732,4185.8954285347645,2055210
2024-08-20,4282.7548828125,4322.23750010525,4260.694140300903,4265.428244901237,2212298
2024-08-21,4309.455078125,4317.503055311436,4253.639804359008,4277.736579801988,1896990
2024-08-22,4262.58740234375,4318.402675534502,4258.042847258311,4317.5030108146375,1829872
2024-08-23,4226.51318359375,4266.374430859017,4218.086571122263,4260.693506184104,1809253
2024-08-26,4263.013671875,4310.0703901887255,4246.491463306979,4250.278746663329,1844164
2024-08-27,4257.99560546875,4270.162346746741,4248.1959164894,4265.428242149461,930697
2024-08-28,4266.421875,4319.8700965173775,4220.2643589002255,4259.510267771518,1848058
2024-08-29,4271.86669921875,4313.716371329259,4222.821557534789,4222.821557534789,2133641
2024-08-30,4311.5859375,4348.038544383064,4249.1429103938235,4260.694311007412,3637222
2024-09-02,4280.6240234375,4344.013861375445,4272.055480062339,4332.652011694428,1216500
2024-09-03,4272.38720703125,4313.6210706253505,4256.811818932973,4280.62427113772,1717263
2024-09-04,4241.04736328125,4248.3852249914535,4200.760320366018,4238.869860215786,1265505
2024-09-05,4237.9228515625,4259.746886626945,4217.281880213047,4242.704111797141,1688793
2024-09-06,4219.74365234375,4278.636091754635,4203.884403748528,4236.029155230157,1649179
2024-09-09,4212.9267578125,4251.462553433798,4194.890004562873,4218.0871166522065,1184938
2024-09-10,4268.1259765625,4298.519014859862,4204.310350980651,4206.20399246566,1385591
2024-09-11,4241.14208984375,4307.419549702135,4233.4727484543055,4281.003340307267,1325919
2024-09-12,4277.45263671875,4291.5601745835365,4195.6469473824145,4270.398636628928,2742216
2024-09-13,4282.091796875,4305.194131685647,4265.427658509752,4289.098178257309,1458786
2024-09-16,4273.23876953125,4304.294305347718,4255.43872427556,4286.257554903444,1155120
2024-09-17,4266.04296875,4294.589522896417,4228.501617164474,4273.238899164255,1699364
2024-09-18,4115.025390625,4257.900566019319,4091.2129384450927,4257.900566019319,2961779
2024-09-19,4067.68359375,4187.030618493398,4054.0966244561228,4156.589963616197,2927551
2024-09-20,4057.032470703125,4100.397141985248,4002.685047675482,4087.330737178729,5447908
2024-09-23,4041.504638671875,4080.229517445096,4026.828916076253,4071.32949426943,1702319
2024-09-24,4044.155517578125,4062.808072353835,4014.520211321431,4025.55058123155,3012026
2024-09-25,4047.422607421875,4061.482990128777,4014.5205814302008,4026.213911907486,2713073
2024-09-26,4064.22900390625,4087.2365684956953,4033.457322455591,4033.457322455591,3964251
2024-09-27,4079.567138671875,4145.181637964974,4071.376768553105,4104.468341840603,3012477
2024-09-30,4041.504638671875,4070.1459682536542,4033.5038178792897,4058.926049161128,2503416
2024-10-01,4059.873291015625,4067.305927628493,4017.313968463482,4029.2435420878182,1823365
2024-10-03,4007.655517578125,4051.4459771346756,3986.115345580038,4035.918209344073,3350119
2024-10-04,4026.11865234375,4069.4357029274943,3999.4181214842306,4000.317786149061,2965463
2024-10-07,4045.6240234375,4068.7263623530516,4004.4844678804907,4046.618000517575,1472619
2024-10-08,4027.066162109375,4051.825437221579,3980.388074704301,4045.3872397570553,1541867
2024-10-09,4026.7822265625,4066.5958614206456,4020.8645957979184,4033.457129138987,1082504
2024-10-10,4002.59033203125,4065.506761861307,3975.322076727874,4027.065743241721,2378875
2024-10-11,3928.54931640625,4016.3669515997326,3893.7536496314738,3922.6788421196575,5759183
2024-10-14,3916.666015625,3943.8871125530773,3902.9847329926533,3919.837957643063,2137590
2024-10-15,3897.871826171875,3948.1957233726384,3877.231316907688,3911.364023062213,2759474
2024-10-16,3877.18408203125,3896.1678867388287,3850.9098028436433,3867.7632605900644,2359151
2024-10-17,3890.487060546875,3910.323143238336,3875.29053893895,3894.0847950246857,2522659
2024-10-18,3913.31298828125,3935.2379992491005,3872.453098683255,3881.944405297675,2361000
2024-10-21,3872.31103515625,3929.3538837407996,3862.9620049373275,3922.3776803062365,1595450
2024-10-22,3811.234619140625,3881.7550819217454,3802.550165255864,3859.165723179126,1928049
2024-10-23,3859.40283203125,3904.2965301967497,3791.919544419266,3796.143361546141,1966476
2024-10-24,3841.986328125,3871.504387583309,3800.3195802607424,3800.3195802607424,2676744
2024-10-25,3851.1455078125,3883.8430156937015,3827.5595160672574,3850.670942439126,1759676
2024-10-28,3882.75146484375,3923.7063623671393,3844.928513292037,3861.9653632236445,1532534
2024-10-29,3867.945068359375,3894.7580119042254,3853.5658302619245,3887.497254393904,1445885
2024-10-30,3876.86669921875,3898.079863479923,3853.518222560894,3867.7076804676617,1935002
2024-10-31,3766.577880859375,3870.839986500922,3758.557772361112,3862.962154926698,3740372
2024-11-01,3781.526611328125,3795.5262896074955,3773.791288560614,3786.889338989994,154895
2024-11-04,3762.496337890625,3788.834714578836,3714.1856783834955,3764.5371079100955,2269192
2024-11-05,3769.330322265625,3783.234994421101,3740.61911840681,3740.61911840681,967590
2024-11-06,3929.06884765625,3938.7024316660963,3773.031851752117,3799.9398000465167,3792017
2024-11-07,3939.746337890625,3991.853518092011,3877.2462233751357,3957.5902722464216,3724349
2024-11-08,3936.044921875,3957.6376448006463,3908.187843785678,3943.637967299403,1648039
2024-11-11,3985.114990234375,4018.9036701513614,3908.187674053703,3918.201280337874,1406487
2024-11-12,3983.880859375,4003.4330432658335,3952.512277070728,4001.534781984057,1587640
2024-11-13,3939.224609375,3983.2641802267012,3920.9061091902613,3965.5629857379695,1098813
2024-11-14,3935.0009765625,3948.383812461554,3907.0493548019417,3924.6555443578186,1825432
2024-11-18,3815.031005859375,3998.687803877484,3787.2214288591285,3998.687803877484,3313944
2024-11-19,3834.06103515625,3921.9504005395133,3809.9057047468586,3815.4104775297365,1776233
2024-11-21,3865.6669921875,3884.2698145282143,3819.3018656674813,3839.1386042394874,2384347
2024-11-22,4028.680419921875,4038.504015740722,3847.776008717878,3863.9112312507355,3096553
2024-11-25,4095.594482421875,4107.933183046781,4035.8942467022307,4062.2798980460716,4052167
2024-11-26,4131.28125,4144.47407361588,4090.7531850402665,4101.240893559863,2060669
2024-11-27,4112.15625,4154.724856872267,4104.088638616241,4137.213672581404,1558993
2024-11-28,4028.96484375,4119.179995477792,4017.670281030027,4099.2955217974695,2558544
2024-11-29,4053.5947265625,4080.028107836073,3982.219916352583,4005.3313403533516,2017425
2024-12-02,4059.099853515625,4070.0625915391006,4014.870268702841,4052.788226834513,1670944
2024-12-03,4083.87255859375,4104.990718939741,4048.4701650537613,4094.882568586282,2010905
2024-12-04,4132.89453125,4163.789012881952,4070.8687487593297,4094.1224503683907,3302642
2024-12-05,4236.966796875,4260.647793669346,4138.209931031042,4176.934278953506,3746747
2024-12-06,4219.36083984375,4237.868889866684,4188.276807112925,4226.479320621802,1842087
2024-12-09,4225.67236328125,4242.0448686697655,4190.934085246633,4205.07650413352,2066639
2024-12-10,4207.0693359375,4265.20359458783,4187.659890094591,4200.994991803812,2087828
2024-12-11,4202.2294921875,4222.350787782597,4182.819581274404,4206.4055751643855,1635256
2024-12-12,4228.3291015625,4256.850287678142,4200.851588241574,4204.695381385169,1914642
2024-12-13,4246.3154296875,4266.247172902569,4170.859544659024,4209.347069742307,1967048
2024-12-16,4190.60205078125,4247.359881247422,4173.327686669254,4232.1737900519,1646224
2024-12-17,4108.31201171875,4207.44889332409,4098.346139910261,4185.666159565598,3225027
2024-12-18,4126.67822265625,4140.108330075579,4071.3913564877716,4092.3672387441043,1575404
2024-12-19,4054.591064453125,4142.006088570945,4045.1947638609918,4064.177376549218,3015763
2024-12-20,3958.1591796875,4159.090314297041,3941.2648402826253,4108.786392193494,4116989
2024-12-23,3946.77001953125,4002.484177211474,3905.5778396822147,3986.39622640784,2195338
2024-12-24,3966.891357421875,4003.432885657487,3946.769603250129,3946.769603250129,1181886
2024-12-26,3957.02099609375,3986.3017716323247,3932.390868416551,3966.8918629397335,1208464
2024-12-27,3952.9873046875,3968.26840248144,3936.282510765729,3951.2313201079583,858100
2024-12-30,3947.24462890625,3985.684422832016,3902.825496858013,3939.8415947124545,1527169
2024-12-31,3886.50048828125,3929.353878987766,3826.9425360658684,3924.655496583325,1555429
2025-01-01,3903.252685546875,3923.706266508262,3877.6259252343875,3886.1205985527304,763161
2025-01-02,3963.33251953125,3970.2137171045247,3888.541205767093,3910.4184830195177,1720835
2025-01-03,3891.341064453125,3967.31925896288,3884.1278097948166,3967.31925896288,1791953
2025-01-06,3886.6904296875,3938.560332599053,3859.545197490021,3896.656302584134,2085593
2025-01-07,3823.38330078125,3929.7334436078268,3807.4853613249484,3905.6256161656233,2669054
2025-01-08,3899.40869140625,3916.113485341044,3813.3700813691175,3829.6475810881293,2181277
2025-01-09,3833.396728515625,3927.2656647049257,3820.535960823577,3892.3851104960186,2392472
2025-01-10,4048.658935546875,4078.4142731653005,3957.8746844541083,3986.3486030473036,7894300
2025-01-13,4072.815185546875,4103.045093599212,4012.3553694421994,4029.060163870238,4003771
2025-01-14,4017.71728515625,4094.454590373018,4004.429456147033,4083.160028403723,3441709
2025-01-15,4033.42626953125,4039.9279080856195,3993.4204997024085,4003.4336440894426,1653474
2025-01-16,3992.328369140625,4075.567318807286,3978.613708278282,4043.2968742708517,2637705
2025-01-17,3986.52880859375,4021.6165011799776,3963.08887255939,4020.939695681563,1761466
2025-01-20,3941.582275390625,4007.3105183689017,3932.2063483825796,4007.3105183689017,1287799
2025-01-21,3901.033935546875,3973.6734816653625,3895.379258358407,3958.497981875744,1971591
2025-01-22,4017.750244140625,4024.0812547656583,3909.104787428617,3914.711087541146,2409223
2025-01-23,4006.972900390625,4051.3395327602407,4001.7529079009387,4028.769436842585,1822998
2025-01-24,4013.641845703125,4038.4349192551795,3966.9068713794295,3966.9068713794295,1910099
2025-01-27,3929.354736328125,4017.5084152856,3906.0599315038703,3964.973867046099,1551782
2025-01-28,3905.3349609375,3964.9738425768846,3893.735817565749,3934.816117007367,2468272
2025-01-29,3962.847412109375,3970.6287878295893,3918.5775340354608,3918.5775340354608,1217089
2025-01-30,3963.0888671875,3991.941831258984,3922.927021299046,3962.943972286711,1531251
2025-01-31,3975.0263671875,3990.5405047390313,3948.7833995175843,3972.7066328908318,1492943
2025-02-01,3937.087646484375,3997.741503018046,3920.5106310847846,3975.606564509793,437172
2025-02-03,3932.73779296875,3940.8089579536745,3865.1245003058734,3896.2488211358454,1265713
2025-02-04,3969.85498046875,3981.2610880254483,3930.2248097290194,3947.285122132378,2547132
2025-02-05,3954.43798828125,4011.3703550712034,3939.8423053663196,4011.3703550712034,1693912
2025-02-06,3946.36669921875,4001.2209788539626,3916.2089750568643,3968.259986916976,2284536
2025-02-07,3894.798828125,3953.374595002479,3874.113784051329,3953.374595002479,1548940
2025-02-10,3902.096923828125,3916.644230568612,3880.2520112210996,3905.045086746592,1339511
2025-02-11,3831.149169921875,3905.045339609273,3822.8847322165034,3884.1667849836185,1810908
2025-02-12,3818.1962890625,3887.404606196338,3808.5303361658844,3838.446649169052,1678002
2025-02-13,3779.532470703125,3851.3505477933163,3771.896462322554,3835.4501025039126,2277310
2025-02-14,3803.407470703125,3816.1181040365336,3769.72153134308,3793.886412954254,1681975
2025-02-17,3774.0712890625,3802.585849960782,3727.3846896150562,3727.674715397498,1799806
2025-02-18,3743.81689453125,3793.3065270348457,3735.4075625604055,3768.1750490618683,2149879
2025-02-19,3657.693115234375,3745.5081505528037,3642.2757324813897,3742.8500136623115,4366672
2025-02-20,3653.150146484375,3661.4629603766616,3625.988960412709,3635.848185178673,2888572
2025-02-21,3659.52978515625,3689.4942392872176,3648.8972369162293,3649.960586134303,1833931
2025-02-24,3552.818115234375,3637.491729934909,3547.4050866481334,3618.1114451391504,2508516
2025-02-25,3508.305908203125,3535.8054964280086,3500.283120267886,3503.907852529123,4101954
2025-02-27,3491.8740234375,3516.473827507661,3480.419774327656,3491.0523230089602,3823856
2025-02-28,3366.89306640625,3479.743067268356,3341.5199398740847,3465.195760859545,7085018
2025-03-03,3376.365478515625,3405.556606946145,3360.0298777157327,3368.584339801977,4990439
2025-03-04,3414.06298828125,3432.3799220820893,3348.576156481458,3357.952083726606,2797737
2025-03-05,3428.561767578125,3480.081342184221,3403.2370189380595,3403.2370189380595,2501894
2025-03-06,3481.289794921875,3488.87742658408,3417.977801534333,3438.179549305139,2786513
2025-03-07,3490.56884765625,3503.9079097926337,3454.998093954285,3479.743027656133,2051315
2025-03-10,3469.73876953125,3501.1049762137254,3462.9244613654673,3486.0259949428714,1004626
2025-03-11,3455.868408203125,3468.869068486726,3419.4759516197346,3439.146261421323,1995450
2025-03-12,3389.076171875,3450.020048748746,3370.3726956351015,3445.912018992584,3174167
2025-03-13,3393.76416015625,3406.5715466921038,3367.7144664369603,3385.3064520665353,1693004
2025-03-17,3380.860107421875,3412.516101378981,3361.1900359739784,3372.450776071524,2690906
2025-03-18,3380.860107421875,3380.860107421875,3380.860107421875,3380.860107421875,0
2025-03-19,3380.280517578125,3428.5135286476893,3347.077874633433,3428.5135286476893,3051244
2025-03-20,3444.123779296875,3459.3960314822807,3394.68252652922,3394.68252652922,2845192
2025-03-21,3458.574462890625,3495.449976265528,3349.2524487411147,3358.9184009741334,4161925
2025-03-24,3507.725830078125,3527.831058731868,3447.4587570622184,3479.7429444303652,1834751
2025-03-25,3535.56396484375,3586.0685693582973,3516.473707634902,3523.2398747468987,3135390
2025-03-26,3514.34716796875,3557.553929809202,3504.7295921250025,3525.897934373459,1734499
2025-03-27,3529.232666015625,3540.638537603521,3489.892285017066,3494.0970689111577,2528474
2025-03-28,3485.6875,3538.656968927356,3471.9135171595426,3529.0393930182477,2051919
2025-04-01,3432.186279296875,3464.2771927018816,3407.248075969345,3453.354619757771,2618493
2025-04-02,3425.565185546875,3445.0422214056125,3412.129605979645,3425.6135625063594,1764313
2025-04-03,3289.46875,3385.0167912281404,3282.702582798802,3374.3842427691143,4537821
2025-04-04,3189.184326171875,3286.085501586113,3185.414699028632,3250.2733357697866,5317367
2025-04-07,3164.68115234375,3181.4514379526936,2953.963392712106,2996.445205771086,6623955
2025-04-08,3182.949951171875,3237.127665022999,3146.5577324611054,3191.7460628104113,5557558
2025-04-09,3138.14794921875,3160.7661816290088,3104.752039154662,3151.631904539679,2990265
2025-04-11,3123.552490234375,3188.7492913945475,3098.904311833949,3179.663390613554,7108961
2025-04-15,3139.69482421875,3203.683386247662,3130.415650876791,3203.683386247662,3512160
2025-04-16,3164.439697265625,3168.596104196088,3121.136181217996,3139.6947635283577,2384391
2025-04-17,3188.700927734375,3193.244114128983,3110.5034675829284,3137.08483655699,2932346
2025-04-21,3210.64306640625,3241.9606599617177,3174.3957423905777,3180.1953142330854,2432946
2025-04-22,3203.68310546875,3222.531712274605,3184.931252579041,3211.6093750675464,2710498
2025-04-23,3298.98974609375,3306.625754540036,3225.818529364827,3252.593171873855,3543923
2025-04-24,3287.970703125,3298.5064976170884,3274.5348867157572,3287.4874054696716,2252175
2025-04-25,3332.820556640625,3361.625143451318,3291.256959211522,3305.7558885472554,2742991
2025-04-28,3328.470947265625,3342.2933073843687,3291.2570278610287,3320.2548871373374,1593296
2025-04-29,3356.502197265625,3378.250591632357,3315.808440523134,3339.586779424834,1578332
2025-04-30,3338.330078125,3392.65268577439,3253.5597190937174,3356.0188189819924,2809332
2025-05-02,3316.38818359375,3374.867194117627,3305.7556362257724,3356.0185874198487,1721761
2025-05-05,3338.909912109375,3387.4329449049897,3331.27366828836,3334.753505470742,1284443
2025-05-06,3344.419677734375,3356.9854164079434,3322.1879862349847,3344.419677734375,1324763
2025-05-07,3330.017333984375,3343.9362109554654,3306.335750758935,3306.335750758935,1477128
2025-05-08,3333.6904296875,3360.851851961966,3314.1652518601954,3332.820588313161,2543591
2025-05-09,3325.3779296875,3331.0807476867326,3284.5876543425793,3285.4574957373147,2531757
2025-05-12,3499.46142578125,3509.22413241534,3385.209911911905,3387.916425868549,2228678
2025-05-13,3397.58251953125,3501.9748131612287,3393.232840630001,3499.461570957545,3062887
2025-05-14,3430.156494140625,3442.045662835236,3391.396166459135,3403.3818530870167,2119499
2025-05-15,3460.314453125,3479.7431132346333,3396.712670565691,3444.945682102287,3548330
2025-05-16,3442.335693359375,3473.8465567565913,3427.6434928317944,3473.8465567565913,1666727
2025-05-19,3401.255615234375,3431.413341631395,3386.659931697025,3431.413341631395,2537377
2025-05-20,3381.4404296875,3439.1461226598826,3377.2840226457647,3413.82137266364,2038374
2025-05-21,3408.02197265625,3418.8477935076376,3381.4406002159167,3390.816528025104,1440153
2025-05-22,3360.851806640625,3380.9570357698217,3336.0103550080185,3378.250521774226,2034383
2025-05-23,3397.19580078125,3416.9142497236344,3349.8326329632987,3360.851724551366,1274331
2025-05-26,3419.1376953125,3426.5804321288315,3392.846349631144,3403.3821442949547,967470
2025-05-27,3381.826904296875,3421.747337093333,3366.7481593177404,3414.014574749619,2467680
2025-05-28,3380.860107421875,3411.114585484783,3376.31715701285,3402.4152283668,1222933
2025-05-29,3381.247314453125,3414.498100356932,3370.034713912086,3387.626702221486,3188072
2025-05-30,3347.705810546875,3389.5594310198626,3337.750068509547,3373.417337946492,3404365
2025-06-02,3334.560546875,3344.4197718377163,3304.4028204069105,3334.7538187399196,1877585
2025-06-03,3291.4501953125,3357.468700034321,3286.9072447003623,3330.8873298742683,2848125
2025-06-04,3297.008544921875,3310.563782597761,3286.3791053631217,3304.907652247958,2544807
2025-06-05,3287.451904296875,3324.4113841471617,3280.235380032571,3324.4113841471617,3584683
2025-06-06,3300.226806640625,3306.7605099618336,3275.359545608902,3287.4520036268846,2070390
2025-06-09,3336.991455078125,3348.791310023286,3306.760665733127,3315.634960419095,1718678
2025-06-10,3376.97412109375,3399.3060406489903,3338.2592545088482,3354.6424396212137,2419874
2025-06-11,3385.750732421875,3402.4265208353168,3363.516665314218,3383.8979728571367,2847013
2025-06-12,3348.986083984375,3388.481144938844,3338.259030391803,3385.7505745896515,4060134
2025-06-13,3360.200927734375,3364.8818717382055,3309.003623498393,3309.003623498393,2178493
2025-06-16,3409.54541015625,3421.9302340050463,3341.1847251814343,3354.642349665819,1934088
2025-06-17,3428.073974609375,3432.6573046439225,3401.5489430536663,3422.905437301184,2111940
2025-06-18,3365.75927734375,3450.2105407013996,3357.665418209048,3431.7796073253016,2696327
2025-06-19,3339.039306640625,3365.3693479021017,3328.3122527933565,3364.394161188714,2672768
2025-06-20,3350.44873046875,3360.785804206261,3326.2640538984306,3340.0142809157096,2351248
2025-06-23,3309.393798828125,3340.014567071261,3286.3792966511382,3330.2626997221478,3123421
2025-06-24,3306.27294921875,3356.690292940616,3298.081476031171,3349.376392565029,3403048
2025-06-25,3359.3232421875,3364.3941654870573,3315.634829755361,3322.7537403887272,1757699
2025-06-26,3356.397705078125,3365.759354753242,3330.555256962972,3359.3232652421043,2879106
2025-06-27,3355.71533203125,3380.387367158931,3345.8658502962735,3369.2703330730474,1778433
2025-06-30,3376.096435546875,3378.924381810933,3344.8904604060604,3354.5447137321717,1468351
2025-07-01,3344.597900390625,3398.5257745006766,3328.7999228861,3369.2701724246303,2375183
2025-07-02,3338.356689453125,3403.3039810516498,3335.1385257152824,3400.671024568939,3090585
2025-07-03,3316.4150390625,3350.058980842342,3313.294489180619,3344.8904436190446,2531870
2025-07-04,3334.943603515625,3341.964900305915,3305.980605453995,3323.4363525656718,1109320
2025-07-07,3327.044677734375,3341.0875101654565,3323.8265137554163,3333.481005692293,1639174
2025-07-08,3321.68115234375,3340.0147113686808,3309.1987139810713,3320.510975827842,2325242
2025-07-09,3299.836669921875,3329.28725945695,3283.4534864064294,3325.3865128143525,2034938
2025-07-10,3298.081298828125,3314.659472122057,3272.7264455550526,3296.130925499427,3035012
2025-07-11,3184.959716796875,3252.247598137654,3180.1813972680684,3218.0184502225306,7635550
2025-07-14,3142.734130859375,3190.8108827918168,3120.5974403831947,3184.9597625910983,3924009
2025-07-15,3171.599609375,3178.5232917839735,3126.4484195792625,3126.4484195792625,2590889
2025-07-16,3163.576171875,3175.1222359666176,3151.344969328223,3157.607249475903,2540733
2025-07-17,3140.18994140625,3172.2846643823304,3135.199754145851,3154.7696780470374,2947640
2025-07-18,3121.304931640625,3159.3685771406017,3118.46738821797,3155.6502438038765,3432645
2025-07-21,3090.286865234375,3128.83976152069,3084.2202361520617,3121.4030943290218,3844346
2025-07-22,3091.65673828125,3111.7159107005,3086.764257203384,3091.65673828125,3198036
2025-07-23,3110.7373046875,3113.5748480562365,3089.6996367952283,3091.6566291573,1922875
2025-07-24,3080.30615234375,3105.4534578423713,3072.478182452152,3097.0385335433134,2934778
2025-07-25,3068.368408203125,3089.014534530361,3058.3877948178133,3072.4780444334683,2568917
2025-07-28,3013.08349609375,3050.9512525080645,3003.885488175128,3043.12328264916,3374473
2025-07-29,2990.284423828125,3007.8973556438664,2975.802632112602,2994.1984086760676,4785312
2025-07-30,2987.93603515625,3003.0047807939304,2981.673516260727,2994.1983151611034,2880121
2025-07-31,2971.497314453125,2994.0027271024683,2950.166049468222,2976.2918502873677,2968371
2025-08-01,2938.424072265625,2971.4972914199097,2935.488583681943,2964.7455243430377,2053847
2025-08-04,3008.28857421875,3013.181055141491,2927.2692812506943,2944.392964480288,2519252
2025-08-05,2998.014404296875,3011.322048140622,2976.5854331255146,3008.2886143717656,1927996
2025-08-06,2967.093994140625,3000.8521121202134,2960.9294204705666,2997.1337788834585,1487081
2025-08-07,2981.47802734375,2985.9792055799644,2946.154217712285,2951.1446440658847,2543076
2025-08-08,2971.105712890625,2994.002666894786,2959.9509519667536,2982.5543093380406,2762140
2025-08-11,2975.4111328125,2984.3153044195046,2956.3304579380692,2971.105606429514,1884215
2025-08-12,2970.127197265625,3029.8154640054736,2961.809979769089,2975.6068714078456,3358232
2025-08-13,2970.91015625,2978.9337774241835,2963.473728360306,2970.812449963036,2148166
2025-08-14,2957.30908203125,2990.1864106721328,2954.1779420022144,2968.757439673081,3342174
2025-08-18,2946.44775390625,2983.434958599791,2938.815435653507,2980.988718063058,2945609
2025-08-19,2951.340087890625,2959.950901928915,2946.349900778797,2946.4476070609903,2650784
2025-08-20,3031.96826171875,3036.664852119672,2946.1539583708727,2946.1539583708727,4952358
2025-08-21,3035.882568359375,3062.693270119804,3016.801891436903,3062.693270119804,3230726
2025-08-22,2988.327392578125,3029.1306363096523,2984.4134077810354,3019.639270954844,1593791
2025-08-25,3073.0654296875,3084.220191422538,3010.9309175823823,3020.9115315912086,3448370
2025-08-26,3089.30810546875,3094.0049349317896,3052.9080951888627,3061.7145608480614,5522097
2025-08-28,3027.173828125,3078.838478368692,3020.1287028396528,3077.370733980466,3116051
2025-08-29,3018.3671875,3048.0156702082504,3011.028465982645,3026.4887537573413,2271789
2025-09-01,3045.667236328125,3063.7694152474464,3023.5531276055535,3023.5531276055535,1246862
2025-09-02,3044.591064453125,3087.1556510845603,3036.371791556432,3053.9847239556466,2185229
2025-09-03,3030.89208984375,3074.33722714916,3021.5963756053266,3062.595272321678,1799774
2025-09-04,3029.130615234375,3050.951128104469,3024.3360794475675,3048.99413571954,1481391
2025-09-05,2982.75,3036.664997028233,2963.47367273015,3030.5006621101975,2802055
2025-09-08,2954.079833984375,2998.9927110613953,2951.144345576971,2984.413214194218,2626187
2025-09-09,2983.826171875,2994.19832699537,2965.62628616296,2966.898378981974,2489301
2025-09-10,3043.123291015625,3055.550145422665,2987.740308555338,2990.675797260498,2079428
2025-09-11,3057.017822265625,3071.4996140027415,3043.221168990462,3071.4996140027415,2263446
2025-09-12,3066.019775390625,3080.990814432397,3053.886518550216,3076.3919302537256,1447167
2025-09-15,3044.982421875,3066.607284819441,3029.4244268669395,3066.607284819441,1732539
2025-09-16,3078.055419921875,3082.26300132086,3042.242602669502,3060.736085121159,2573429
2025-09-17,3104.57275390625,3113.966173979194,3074.8263264485827,3084.2199854121977,2418271
2025-09-18,3108.388916015625,3134.1234145595795,3093.4178759668794,3116.51048247651,2633138
2025-09-19,3101.050048828125,3112.107103450778,3076.3919928468,3101.8328935510035,4901694
2025-09-22,3007.70166015625,3040.089740964508,2999.090845838676,3028.445731768582,3634901
2025-09-23,2996.546875,3014.4534044791503,2986.3706093710016,3003.983542191669,3177741
2025-09-24,2970.127197265625,2991.262810224855,2967.778901999341,2984.4133369924134,1625714
2025-09-25,2893.804443359375,2964.4520571099356,2887.5421635017433,2957.015390749667,4974361
2025-09-26,2836.758544921875,2891.260737711385,2829.126226471788,2877.7574418213358,3934636
2025-09-29,2833.82275390625,2866.3087778304835,2831.7678164651984,2853.2947314486933,3110035
2025-09-30,2826.288330078125,2852.610021207006,2823.0594837288886,2848.402439766557,2253458
2025-10-01,2851.53369140625,2861.9058470940704,2804.957413772581,2828.8326264436423,1952902
2025-10-03,2839.498046875,2861.1229086009284,2828.9304789544044,2861.1229086009284,2899519
2025-10-06,2924.137939453125,2929.22631078988,2833.3336834873367,2839.5959635916415,2112774
2025-10-07,2909.75390625,2939.891634958981,2891.9453243871753,2930.5959216848555,3062943
2025-10-08,2962.103759765625,2977.5640480826064,2904.176830334925,2911.0263039913752,4121889
2025-10-09,2995.86181640625,3000.069397912704,2955.0585719818546,2968.757519004287,3211304
2025-10-10,2963.179931640625,3003.983173218589,2942.239970746985,2984.413250266025,8817365
2025-10-13,2942.53369140625,2970.225181329542,2933.7272257063764,2961.9079637241057,2866865
2025-10-14,2896.642333984375,2962.1036338769445,2891.9455044700007,2956.0370052457697,3611416
2025-10-15,2916.7763671875,2926.499513769408,2898.31197994854,2917.954894078994,4282226
2025-10-16,2917.66015625,2921.883430677564,2890.553079047838,2916.87439174088,3251495
2025-10-17,2909.311767578125,2935.4369375213087,2902.6331292681275,2916.972551528368,4374683
2025-10-20,2961.365478515625,2969.0262624451843,2925.320781572273,2932.1958010354274,3133039
2025-10-21,2953.017333984375,2977.669286180243,2942.508423286113,2976.981832168517,310644
2025-10-23,3018.330078125,3042.687339125331,2981.892616996725,3000.4550745732363,5564758
2025-10-24,3008.508544921875,3034.8300966289034,3003.6961270890743,3025.0086400055093,2684318
2025-10-27,3029.821044921875,3038.9550474990237,3005.5620951218402,3011.7496607245316,1946312
2025-10-28,3003.30322265625,3035.0265765381446,2985.919291823652,3021.0801556355614,3470737
2025-10-29,3003.0087890625,3021.080174034828,2991.714113509379,3003.3032409472494,2895420
2025-10-30,2981.106689453125,3009.0978400091353,2978.6513253692647,2994.6603471523654,2241536
2025-10-31,3003.4013671875,3012.6334402910475,2971.088871543434,2980.8120174669925,1868085
2025-11-03,2962.93701171875,3003.4013640895914,2956.2583734171585,2992.499451583931,2194877
2025-11-04,2936.81201171875,2975.214004338424,2922.8655907942766,2965.6872390451917,2670720
2025-11-06,2957.142333984375,2970.0085383136757,2936.61558517126,2936.7138956519902,2542721
2025-11-07,2938.383544921875,2950.3656744717186,2907.6423366423182,2947.419237380036,1830520
2025-11-10,2971.18701171875,2993.4816703122747,2938.579823663838,2939.5619693268272,1556656
2025-11-11,2992.597900390625,3001.142519888641,2964.1156755427983,2990.633609021809,2806868
2025-11-12,3075.8837890625,3080.4015151753365,3002.51755709654,3005.3656835637266,4460315
2025-11-13,3050.249755859375,3075.9819244274895,3046.61586484088,3075.8838537295965,1740435
2025-11-14,3050.54443359375,3057.517763723578,3022.356900982103,3034.830102963518,2210794
2025-11-17,3046.812255859375,3067.7320066302495,3031.4909272444793,3050.544457369475,2232853
2025-11-18,3031.98193359375,3049.5622448251693,3023.0443122614724,3046.6158078736476,2548350
2025-11-19,3091.499755859375,3098.6694669245953,3028.4460542827223,3041.705020306013,3151053
2025-11-20,3088.65185546875,3108.0000778660146,3082.0715272134535,3091.794673762747,2700767
2025-11-21,3094.34814453125,3113.4016740052466,3079.2229578295533,3088.6516518716926,4177037
2025-11-24,3085.115966796875,3122.1428110333977,3075.0981288018247,3101.616062202543,6703764
2025-11-25,3063.5087890625,3093.562543096727,3059.3838251197944,3089.142887490615,2737920
2025-11-26,3106.428466796875,3121.2589624366606,3061.348076121797,3063.115986297256,2508527
2025-11-27,3080.59814453125,3123.223169867727,3069.205159068128,3123.223169867727,2836233
2025-11-28,3081.48193359375,3091.1070087848907,3069.205113141185,3083.937297684263,1616690
2025-12-01,3077.455078125,3097.687374390369,3066.4550948216056,3081.8747335418534,1747647
2025-12-02,3079.714111328125,3087.8659682974553,3064.6872347092776,3075.0980746626374,2512003
2025-12-03,3123.22314453125,3154.5534946281955,3082.9551731709416,3083.9373188138757,3952112
2025-12-04,3171.544677734375,3191.9733551637537,3130.4909417024,3136.9731988901626,5025905
2025-12-05,3180.384033203125,3213.187842167148,3164.866083794654,3172.330486734928,5244013
2025-12-08,3178.71435546875,3201.6964674714213,3151.3125880977464,3185.0983021118977,2544725
2025-12-09,3151.01806640625,3175.964471029267,3124.401822284255,3172.330579931189,2734893
2025-12-10,3132.259033203125,3167.41989738469,3121.357359750894,3167.41989738469,1386849
2025-12-11,3134.91064453125,3151.1160479641035,3096.8035846478047,3147.7768486239356,1914362
2025-12-12,3163.0,3165.4553640739014,3128.8212841349605,3140.607031689688,1146554
2025-12-15,3172.52685546875,3180.384020730158,3140.2143592438706,3153.7680172761306,1562190
2025-12-16,3147.875244140625,3162.509118995985,3134.1252044928165,3162.509118995985,1734623
2025-12-17,3160.348388671875,3179.107227122374,3143.3572206041695,3143.3572206041695,1376350
2025-12-18,3222.2236328125,3229.09865265339,3163.4912725011322,3170.366292342023,2307422
2025-12-19,3223.402099609375,3258.661033366418,3220.259281411304,3240.09857605464,3902511
2025-12-22,3265.5361328125,3269.170263717588,3232.2414895890165,3250.9022578364156,2632816
2025-12-23,3250.902099609375,3260.625245626059,3234.6966963938,3260.625245626059,2365420
2025-12-24,3259.741455078125,3267.696930860065,3237.2504153109776,3245.107580613968,1367708
2025-12-26,3221.437744140625,3260.7235702886815,3213.384197736604,3253.9468611908032,1176664
2025-12-29,3193.446533203125,3229.294848891858,3184.9999848268185,3221.437683809396,2079473
2025-12-30,3188.83056640625,3209.160933545371,3181.6608551553877,3191.973384551631,2807593
2025-12-31,3148.955322265625,3188.0447669329633,3141.392848747715,3182.151893056932,3362634
2026-01-01,3169.77685546875,3176.3574233163417,3141.0982497161094,3157.59834501185,1255735
2026-01-02,3192.660888671875,3196.196709004467,3162.017991655493,3176.2591039024273,1184324
2026-01-05,3158.6787109375,3189.026915514335,3134.026759287417,3182.642968809425,2341703
2026-01-06,3197.669921875,3204.9377039238207,3147.7768738587542,3152.6876022111082,2912325
2026-01-07,3236.75927734375,3241.6700055592964,3165.651788913644,3185.0000101265678,1989442
2026-01-08,3146.6962890625,3228.2143763788763,3125.1873956711997,3228.2143763788763,4159336
2026-01-09,3150.52685546875,3172.0357492326657,3134.0267606372377,3134.0267606372377,1938673
2026-01-12,3181.75927734375,3193.937788002805,3117.6251157476318,3145.8126491306843,2228342
2026-01-13,3209.652099609375,3221.437847833155,3153.1787227037635,3187.0627488471305,5645341
2026-01-14,3135.5,3201.7948316366483,3126.1696162881753,3201.7948316366483,3539511
2026-01-15,3135.5,3135.5,3135.5,3135.5,0
2026-01-16,3206.699951171875,3221.89990234375,3171.0,3219.39990234375,4293470
2026-01-19,3163.60009765625,3220.0,3152.10009765625,3188.0,3387562
2026-01-20,3102.300048828125,3160.0,3091.10009765625,3151.60009765625,4499273
2026-01-21,3122.60009765625,3138.5,3082.0,3100.0,2015150
2026-01-22,3150.39990234375,3160.0,3122.300048828125,3150.0,2269827
2026-01-23,3162.5,3194.5,3152.0,3190.300048828125,2068857
2026-01-27,3158.0,3175.0,3130.0,3175.0,4279874
2026-01-28,3200.10009765625,3205.199951171875,3170.60009765625,3176.0,2751234
2026-01-29,3144.39990234375,3200.10009765625,3125.60009765625,3200.10009765625,2457641
2026-01-30,3123.89990234375,3141.0,3092.0,3141.0,3022068
2026-02-02,3169.60009765625,3198.0,3134.0,3198.0,2636272
2026-02-03,3225.300048828125,3350.0,3186.300048828125,3350.0,4366060
2026-02-04,2999.10009765625,3120.0,2986.0,3120.0,10852595
2026-02-05,2991.5,3029.699951171875,2972.300048828125,2990.0,3521545
2026-02-06,2930.0,2985.0,2916.0,2976.60009765625,2664711
