Date,Close,High,Low,Open,Volume
,TCS.NS,TCS.NS,TCS.NS,TCS.NS,TCS.NS
2021-02-08,2825.44140625,2835.9023364608793,2773.6196466029005,2803.81602670241,2526592
2021-02-09,2792.73974609375,2853.3082825643633,2781.3997381918516,2808.6511262714807,2658751
2021-02-10,2824.738037109375,2830.1002777917115,2775.509727373465,2799.860116229869,2127983
2021-02-11,2818.320556640625,2830.0123223975274,2799.9039384097105,2826.232248783409,1165882
2021-02-12,2804.958984375,2853.0444542059204,2797.2230637138314,2799.1569902245205,2777404
2021-02-15,2760.169921875,2820.958008762423,2752.873540069198,2820.958008762423,2630853
2021-02-16,2732.874267578125,2784.6078135757903,2725.138348053523,2769.0921923769665,3435770
2021-02-17,2701.491455078125,2754.0163027275794,2677.2728422340697,2729.6219174175817,3678426
2021-02-18,2687.646728515625,2723.293136819945,2664.482958747754,2694.3715831612885,4189909
2021-02-19,2700.392333984375,2713.842038226488,2651.4275812648107,2688.2170336452054,3725028
2021-02-22,2600.70556640625,2721.622662706986,2587.255644044768,2721.622662706986,5366696
2021-02-23,2619.8251953125,2661.845118240103,2609.100498988318,2610.8586529633776,3832829
2021-02-24,2591.606689453125,2640.175688079094,2567.915395351724,2612.616541472933,3774549
2021-02-25,2633.099609375,2663.515547441728,2609.496304030678,2614.375224727476,4224073
2021-02-26,2544.312255859375,2612.924249244175,2531.7414135558906,2602.067563932443,5553153
2021-03-01,2570.596435546875,2606.462813304554,2550.905200308886,2572.178816772049,3265871
2021-03-02,2642.812744140625,2659.207441361506,2591.518524672304,2602.0674467537383,3306469
2021-03-03,2689.183837890625,2693.4912282241908,2634.505091001575,2667.9980018473952,3509857
2021-03-04,2680.9208984375,2708.8315912558814,2651.340045282069,2657.4495870855635,3916760
2021-03-05,2644.306884765625,2692.7878821208865,2634.2414988104233,2651.3834955910347,3203686
2021-03-08,2643.34033203125,2666.240328983953,2633.714482570367,2651.2960211723052,2003125
2021-03-09,2682.020263671875,2696.0415006414014,2630.28670456108,2643.340870863011,1942397
2021-03-10,2699.60107421875,2719.1605345995504,2689.9752254044583,2703.1613784701667,3053778
2021-03-12,2688.173583984375,2740.0831259740735,2673.5810339324644,2703.161890397907,2938317
2021-03-15,2695.3818359375,2724.2596010016764,2673.2731354133907,2673.2731354133907,3097083
2021-03-16,2733.973388671875,2761.180778120956,2689.975543155086,2689.975543155086,4894756
2021-03-17,2736.52294921875,2773.4881833018144,2712.216553840037,2729.534329366762,3838390
2021-03-18,2669.317138671875,2765.971605676394,2625.846826743809,2747.950528336439,3656306
2021-03-19,2681.360595703125,2724.259595798463,2641.6263586235505,2663.603283404112,5776626
2021-03-22,2751.20263671875,2759.8176323307894,2653.62511137092,2680.041412282901,2821646
2021-03-23,2762.587158203125,2785.794702569668,2745.225389387804,2760.3014724104632,3305973
2021-03-24,2743.687255859375,2771.1144147890072,2734.940268188996,2734.984264961801,2207104
2021-03-25,2694.2392578125,2752.2583404265592,2681.1848783769724,2735.8634254319945,3179786
2021-03-26,2695.95361328125,2740.962316543266,2675.0755327751876,2716.919472723651,3697370
2021-03-30,2776.60791015625,2802.8922191199017,2690.7659367934953,2710.193618805479,4694008
2021-03-31,2793.57470703125,2817.441559826417,2753.2689439551755,2773.487713339265,3530069
2021-04-01,2782.278564453125,2826.232412232795,2764.697025341257,2805.2225588414717,4285076
2021-04-05,2847.241455078125,2868.4272895241515,2769.970698526081,2787.552232632879,5317862
2021-04-06,2869.922607421875,2878.9771433460032,2839.4186787809435,2878.9771433460032,2291562
2021-04-07,2875.8125,2881.2189524865717,2843.638409585986,2864.9120307136286,2491268
2021-04-08,2916.205810546875,2931.721431827485,2871.1091231096307,2874.5814339058097,2578118
2021-04-09,2920.513427734375,2948.731883972365,2907.986581065637,2948.4241211892822,2911129
2021-04-12,2853.967529296875,2934.4470730375683,2824.650224965105,2920.5136164862206,3791828
2021-04-13,2728.6982421875,2825.3526884019107,2701.446862803412,2825.3526884019107,8654596
2021-04-15,2829.70458984375,2845.7917402961693,2714.105975634484,2778.146814676858,6062760
2021-04-16,2808.782470703125,2854.362693807616,2797.7502273047353,2838.5393096103458,3224657
2021-04-19,2779.4658203125,2803.3766728107203,2755.9945063330647,2785.7951320593206,2679106
2021-04-20,2764.301513671875,2835.330975379309,2748.3023558299074,2835.0232125941484,3141893
2021-04-22,2741.665771484375,2767.3347805274607,2729.754233555558,2767.3347805274607,1988980
2021-04-23,2733.489501953125,2741.840732140793,2717.270576775486,2729.5336560747555,1615309
2021-04-26,2725.84130859375,2771.729073354541,2714.633079705304,2726.940154563206,2490260
2021-04-27,2753.268798828125,2756.873099897442,2727.775569209346,2730.4127998595645,1471417
2021-04-28,2746.32470703125,2769.9717939087773,2735.6877888429435,2769.0487200794746,1639037
2021-04-29,2738.544677734375,2775.5539060045367,2729.9736768169814,2765.224751052806,1621395
2021-04-30,2668.56982421875,2753.312969915444,2654.8123559697738,2724.2594341557383,3072305
2021-05-03,2669.756591796875,2685.5799762724573,2640.7470535916405,2659.119675274267,1545831
2021-05-04,2680.96484375,2716.3476898721206,2667.998459146241,2692.4368405095456,1990777
2021-05-05,2721.359130859375,2724.611673439125,2683.2950467738133,2698.766890691607,1939289
2021-05-06,2735.20458984375,2755.027822749251,2702.2831930858956,2729.974123659157,1791671
2021-05-07,2754.060546875,2777.751846295452,2735.512148929457,2754.14854043193,1912540
2021-05-10,2765.13623046875,2781.5749246329046,2747.1151550516115,2765.531772127403,2137153
2021-05-11,2745.005615234375,2749.8405381869234,2717.358475020094,2747.1153139481335,2415625
2021-05-12,2714.23828125,2742.720290729441,2699.2939719735896,2742.720290729441,1978558
2021-05-14,2682.503662109375,2723.820284137604,2672.3942758684257,2723.820284137604,2043935
2021-05-17,2698.546630859375,2703.3375576036415,2668.877781998229,2685.5802450608003,2890462
2021-05-18,2715.29296875,2746.236434952546,2705.798894617137,2725.1385878210285,2098538
2021-05-19,2709.3154296875,2740.962203038814,2696.217267675573,2711.073583762573,1986041
2021-05-20,2689.9755859375,2715.293046140593,2683.0309635728013,2696.2171184058284,2329027
2021-05-21,2707.996337890625,2714.765186965572,2685.6678709113507,2690.854338673333,1685566
2021-05-24,2708.87548828125,2729.533795590875,2700.5242576667206,2708.87548828125,1652260
2021-05-25,2750.835693359375,2763.4238143068287,2722.6560562425266,2731.4014013703236,1841613
2021-05-26,2790.146728515625,2795.88867999112,2741.826041540108,2756.136708237692,1923753
2021-05-27,2809.13916015625,2842.4866454694256,2793.061740172022,2793.194160468886,5959785
2021-05-28,2776.984619140625,2825.0402519814484,2769.961597949591,2817.5315458708037,1763701
2021-05-31,2790.719970703125,2800.613964245875,2763.732979684042,2782.637158557445,1652799
2021-06-01,2785.287353515625,2800.2605487714864,2766.7364386967765,2799.0681193626156,1377441
2021-06-02,2764.484130859375,2790.9854410639764,2751.719376244468,2783.388528206253,2240078
2021-06-03,2774.90869140625,2786.6576515620136,2758.4777888523836,2786.6576515620136,1281706
2021-06-04,2777.1162109375,2788.688534934649,2760.552893576044,2763.203024353877,1836060
2021-06-07,2811.9658203125,2818.3703040112887,2768.150447443102,2778.2208596814926,2559821
2021-06-08,2826.93896484375,2854.191232954633,2815.499275242402,2825.039790463917,2574057
2021-06-09,2827.027587890625,2844.4742857613664,2814.616096398298,2828.5734978285386,1710925
2021-06-10,2841.64697265625,2848.007243465834,2820.622558432509,2835.63996635401,1874324
2021-06-11,2892.000732421875,2923.0955711572815,2836.524593226362,2837.0104938892246,3452954
2021-06-14,2894.252685546875,2922.8298057031197,2888.952422877845,2896.5935486250673,1847360
2021-06-15,2882.238525390625,2913.377567002768,2872.3447453737463,2913.377567002768,1304985
2021-06-16,2892.48583984375,2910.4624340933915,2873.6256528423087,2881.6644705700587,1635552
2021-06-17,2930.82373046875,2946.9895709854272,2879.808714137028,2884.6672871210017,2273413
2021-06-18,2912.75927734375,2966.380222751199,2893.0599254050558,2960.1081592410437,3380431
2021-06-21,2891.381103515625,2902.7765795967334,2872.4767078933537,2884.2256641458716,1130569
2021-06-22,2916.20458984375,2939.0399753242036,2901.893923219059,2918.678088985014,1708688
2021-06-23,2881.0458984375,2940.762274815188,2876.629013074305,2940.762274815188,1467104
2021-06-24,2980.1611328125,2988.464791457915,2896.151882587873,2901.010456738928,4155204
2021-06-25,2986.52099609375,3003.17252309465,2959.312941438819,2981.618210624291,2722861
2021-06-28,2947.608154296875,2995.973044219031,2944.2954906035766,2995.973044219031,1355238
2021-06-29,2951.230224609375,2973.7121267952775,2938.553678014563,2952.2460219223417,1497322
2021-06-30,2955.55859375,2987.5810099566615,2949.1541105086676,2955.7794379997013,1693146
2021-07-01,2951.804443359375,2969.913673073236,2943.7216295348694,2966.380164836385,990310
2021-07-02,2937.626220703125,2950.21434389237,2910.9040644592897,2942.529006552582,1682274
2021-07-05,2933.695556640625,2980.5145462527757,2916.9113905532504,2952.246477052987,1972858
2021-07-06,2881.8408203125,2939.878645879054,2876.3639260649975,2926.6279909246714,2159420
2021-07-07,2893.015625,2899.8617971333256,2863.555129801397,2893.0598369861177,2640710
2021-07-08,2878.48388671875,2913.377277397096,2854.985972804783,2913.377277397096,2485811
2021-07-09,2834.006103515625,2899.2435873844856,2827.6900436373367,2870.9755207189455,6365067
2021-07-12,2820.7109375,2858.6077212079454,2816.5148971181284,2857.724344285446,1892226
2021-07-13,2815.80810546875,2839.173381545403,2804.7216821427055,2839.173381545403,1809339
2021-07-14,2839.66015625,2846.2412731053723,2813.5563174551867,2815.323071814656,2044279
2021-07-15,2835.5869140625,2861.172351997801,2827.663479475212,2857.409806666627,2232968
2021-07-16,2828.37158203125,2850.548508646721,2825.8926855705236,2844.484084817698,1256526
2021-07-19,2819.341552734375,2832.79814151296,2811.7278455383967,2815.2690644874374,1597058
2021-07-20,2838.10986328125,2846.254623330196,2794.154355044804,2819.3414467844154,1811945
2021-07-22,2847.449951171875,2855.063442156888,2824.122085110485,2824.122085110485,2859334
2021-07-23,2844.3515625,2869.759766579906,2838.8624999266235,2859.534453094165,1776193
2021-07-26,2830.806396484375,2854.443991333239,2824.8748975730673,2832.9753500089523,1259611
2021-07-27,2817.880859375,2841.828397353054,2798.581171579533,2832.9753493862218,1121367
2021-07-28,2831.028076171875,2836.9152673506533,2773.129005543344,2822.3520448513914,1660654
2021-07-29,2829.25732421875,2855.5065269494357,2824.388147472567,2833.1968876310666,1731997
2021-07-30,2804.158935546875,2853.7803179466428,2799.644010283248,2849.7964459346185,2999943
2021-08-02,2850.150634765625,2855.0198119311576,2803.760742407745,2815.2697066171863,2608669
2021-08-03,2908.137939453125,2912.653080836421,2849.7521253310056,2858.649482681095,3804735
2021-08-04,2898.443603515625,2926.109378484922,2887.1559673281517,2921.505836757805,2929598
2021-08-05,2907.296630859375,2934.7853879014283,2888.30688628308,2899.3731961922103,2534521
2021-08-06,2930.181640625,2942.752924571996,2890.5199454655735,2897.2040394095043,2292362
2021-08-09,2941.60205078125,2954.261951939117,2930.3587236794956,2942.6643732539064,1510489
2021-08-10,2951.517822265625,2965.6827001982383,2935.3169160413063,2935.3169160413063,2040777
2021-08-11,2960.636474609375,2974.624334648893,2945.4978911610087,2965.7712860338665,1929707
2021-08-12,2967.32080078125,2981.707005901768,2944.524198821045,2944.524198821045,1310205
2021-08-13,3066.16455078125,3080.860696882847,2972.410859133379,2975.288099726732,4363584
2021-08-16,3074.619140625,3093.564792280831,3042.34982516594,3063.1544871451047,2083489
2021-08-17,3145.532470703125,3152.3935833564606,3065.810724967882,3082.720134220687,4336019
2021-08-18,3152.172119140625,3182.670826952774,3130.96911193571,3163.9467164708954,2631309
2021-08-20,3151.241943359375,3164.9641656158915,3098.5663159875858,3103.8781439578506,2836148
2021-08-23,3220.207763671875,3251.7247026771975,3153.3672477306477,3169.3913519151556,3744176
2021-08-24,3198.782958984375,3246.722339074466,3182.1391870835214,3237.5593488015643,2511141
2021-08-25,3239.33056640625,3273.6361306173026,3193.3390209691447,3195.9506271458217,2123263
2021-08-26,3250.70703125,3264.650584058669,3229.5038050202993,3240.2160812526786,1902533
2021-08-27,3293.466552734375,3301.744239038429,3232.33642943804,3245.5273844523076,3944728
2021-08-30,3276.778564453125,3311.3497586964454,3264.64993242064,3288.90719648561,2033114
2021-08-31,3352.1630859375,3367.7888489263914,3278.682770676314,3283.950292217254,3207480
2021-09-01,3288.86376953125,3378.943553363665,3281.8256380025937,3360.617783074682,2643336
2021-09-02,3396.693359375,3416.524101420133,3295.1046285511825,3305.728286676549,3403717
2021-09-03,3401.385498046875,3414.5321452155067,3368.1865666025374,3386.2910073224075,1746812
2021-09-06,3410.1943359375,3432.858226910187,3376.552751107379,3408.1580915226373,1723693
2021-09-07,3378.234619140625,3426.0853884978774,3371.4621236370535,3420.8178679796692,1585039
2021-09-08,3341.2734375,3377.4382295061014,3325.2052398492574,3373.011704958911,4147175
2021-09-09,3356.544921875,3371.860739920555,3333.172958897649,3355.0399467680836,1441148
2021-09-13,3404.3076171875,3410.5488444328344,3334.9438850214415,3334.9438850214415,1691473
2021-09-14,3440.2060546875,3449.5903726199604,3386.291075393648,3408.3793883308576,1991188
2021-09-15,3500.982177734375,3523.513141909009,3422.588393623173,3436.8418875120715,2461369
2021-09-16,3455.610107421875,3525.062222505283,3445.6947373534676,3479.2477012483864,2946666
2021-09-17,3388.814453125,3492.5278358637233,3368.585149673376,3470.3952133297325,6477148
2021-09-20,3384.962890625,3427.014868473748,3371.1079570103802,3372.1259710711715,2002008
2021-09-21,3419.888427734375,3427.5021361240147,3383.325293125468,3415.506211825673,1568129
2021-09-22,3419.179443359375,3449.899689205103,3410.592031040568,3419.4893864583446,1744067
2021-09-23,3425.465576171875,3434.0972979183825,3395.143886959783,3426.12955476776,2003869
2021-09-24,3427.2802734375,3491.995920064041,3412.849762988791,3443.835428800622,2320754
2021-09-27,3396.870361328125,3456.230094055496,3366.7256883097275,3452.6888746968325,1673362
2021-09-28,3345.7001953125,3408.4241389749136,3321.000273072635,3408.4241389749136,2253075
2021-09-29,3356.987548828125,3369.470434317807,3295.2375323295264,3328.5693913486634,2489161
2021-09-30,3342.51318359375,3368.585371427345,3319.982215598712,3368.585371427345,2252412
2021-10-01,3302.3642578125,3373.011631270028,3297.760715611773,3348.0017681247846,1578374
2021-10-04,3340.520751953125,3349.6835272429826,3282.2233425522586,3297.5834677792773,1356860
2021-10-05,3393.638916015625,3399.5704149180474,3312.4565094913187,3323.4342025006117,1877966
2021-10-06,3373.80859375,3415.0195829652303,3359.732331307594,3396.029834755186,1678154
2021-10-07,3446.4033203125,3451.8037665978186,3381.9089887502187,3390.717729179186,1647233
2021-10-08,3484.24951171875,3532.2772938388457,3452.6884842096565,3474.82110269818,2934339
2021-10-11,3262.87939453125,3326.532721970496,3240.2155056319402,3324.3194600130973,11845402
2021-10-12,3233.8857421875,3281.8249109047315,3214.1877102836343,3280.9396061000634,5752877
2021-10-13,3235.966064453125,3253.893486668199,3226.9359987133057,3231.3625227170273,3545655
2021-10-14,3203.36865234375,3255.30274904869,3200.4858910537205,3215.3875927252047,6442299
2021-10-18,3235.03466796875,3239.9575806125013,3194.498652086735,3196.2726590535945,3590107
2021-10-19,3223.50390625,3273.1319287564406,3215.5652676856744,3254.4160669882417,3135441
2021-10-20,3201.062255859375,3219.8222908499274,3173.9642591091406,3203.8562299035643,2933693
2021-10-21,3133.33984375,3199.820712339937,3114.4910194953113,3196.8493805660564,4871211
2021-10-22,3103.4921875,3159.1516554194964,3091.207102780001,3157.7323632415505,2691670
2021-10-25,3098.2587890625,3117.4181510183253,3060.1620325763606,3107.1732174246354,2595594
2021-10-26,3089.07861328125,3130.235490892572,3082.337299759617,3099.6338687798507,3878763
2021-10-27,3095.421142578125,3114.491722008007,3089.4338676408365,3089.4338676408365,2510813
2021-10-28,3035.015380859375,3120.478253064307,3029.116894319104,3120.478253064307,2424942
2021-10-29,3013.81640625,3069.9193825417556,3003.349720722002,3015.8565577895124,3960501
2021-11-01,3083.5791015625,3092.981425957141,3027.298768768552,3049.4738578562856,2020718
2021-11-02,3090.49755859375,3116.5755914866954,3077.6804012995885,3099.190236224732,3087414
2021-11-03,3097.637939453125,3122.1634993420716,3074.398491314584,3108.237587853043,1537639
2021-11-04,3112.184814453125,3116.265117267384,3108.9473382259107,3115.9989729006115,328991
2021-11-08,3106.95166015625,3147.088570475876,3087.8366904944155,3147.088570475876,2526082
2021-11-09,3109.568359375,3135.5576071808837,3100.964468091759,3111.6085108884126,1782692
2021-11-10,3090.58642578125,3121.986263947992,3086.9496247069433,3102.7383307642617,1516489
2021-11-11,3094.0458984375,3113.427013620151,3047.744354064243,3086.7725122652982,1284514
2021-11-12,3127.619140625,3134.803739975808,3091.828458130939,3109.8346748298673,1747259
2021-11-15,3151.789794921875,3166.2479962691427,3129.3485615298887,3129.3485615298887,1809157
2021-11-16,3154.539794921875,3171.5260452936996,3141.767028575657,3165.71612789004,2013204
2021-11-17,3123.9375,3160.260466102447,3110.188945926167,3149.3946733666758,1632914
2021-11-18,3082.95849609375,3123.006840214177,3061.5818383861247,3117.950746243194,2136598
2021-11-22,3067.613525390625,3118.6606319014727,3051.5588882694256,3085.3535994827603,3167936
2021-11-23,3072.80224609375,3087.6151630225495,3022.7309357804584,3055.727426655977,2153461
2021-11-24,3054.21923828125,3098.347663033605,3037.100027177156,3079.853553174247,2161746
2021-11-25,3056.52490234375,3071.6927469707193,3046.014042079063,3054.750895559476,1849619
2021-11-26,3057.368408203125,3095.642526457509,3026.3674595161992,3037.9872931567247,1941251
2021-11-29,3106.28662109375,3130.5462562837033,3021.5333834239445,3057.6343867946935,2981745
2021-11-30,3130.36865234375,3161.059063368577,3096.529551797882,3096.529551797882,5588446
2021-12-01,3173.521728515625,3184.3431298243586,3135.5579286710604,3135.5579286710604,2102118
2021-12-02,3231.264892578125,3235.788696950229,3170.2392263609663,3183.6328489847224,3152938
2021-12-03,3229.091552734375,3251.710139914298,3220.5764498458398,3234.4135732472982,2486263
2021-12-06,3136.79931640625,3244.6590363859564,3124.02655170895,3229.092080530519,1849642
2021-12-07,3179.464599609375,3191.439148945329,3126.0670229182915,3159.950519210043,1484458
2021-12-08,3217.0732421875,3234.414205727127,3194.0999357691167,3194.0999357691167,1428660
2021-12-09,3194.764892578125,3224.036008412116,3163.054517091301,3202.082671536623,1567957
2021-12-10,3225.85498046875,3230.4673562278717,3171.1268975083995,3179.908147193004,1510718
2021-12-13,3201.77197265625,3248.2066906971236,3194.7203384161626,3237.562649111005,1883864
2021-12-14,3214.323486328125,3224.25788271104,3172.545532780773,3197.6477763888033,1747007
2021-12-15,3166.9130859375,3213.613734373968,3156.0914698132124,3210.952723829358,1603233
2021-12-16,3176.89208984375,3200.7080058928564,3166.6027617555383,3177.246804652196,2072320
2021-12-17,3179.331298828125,3238.7605373840274,3169.884580976256,3195.4303268304093,4333992
2021-12-20,3154.983154296875,3198.53511955677,3113.515734208334,3183.4560577063917,2312310
2021-12-21,3200.574951171875,3229.7572813308107,3163.4093725133384,3177.8231801936154,2340989
2021-12-22,3220.488525390625,3225.8549408224308,3198.7569358093897,3214.5012507100805,1224328
2021-12-23,3248.82763671875,3255.746307245518,3219.8226659314073,3235.788728737679,1792861
2021-12-24,3256.100830078125,3286.3477338995476,3232.9501703058754,3268.6076651605485,2209923
2021-12-27,3278.45361328125,3281.9128401940757,3240.312464057373,3256.1897395547167,1534135
2021-12-28,3287.72314453125,3304.088317180793,3276.458242438429,3290.783263554562,1456218
2021-12-29,3277.211669921875,3299.608507488964,3268.607779592957,3275.0385547359824,1456923
2021-12-30,3311.849609375,3317.393381737529,3264.173167057248,3265.3707085089977,1966475
2021-12-31,3315.9296875,3335.133227039575,3309.676269388582,3319.8768098436235,1207141
2022-01-03,3386.357666015625,3397.2234590635435,3321.8281603636997,3326.2631779342787,2346158
2022-01-04,3445.787109375,3449.689838451158,3380.9914554484494,3398.1994545927564,2488606
2022-01-05,3424.676513671875,3432.7039395803245,3381.6124454860555,3428.268921570531,1733031
2022-01-06,3377.22119140625,3401.658179395543,3345.7769628891756,3381.257100353536,1810293
2022-01-07,3418.068603515625,3428.1803586173028,3367.4206079125356,3388.353980908184,2460591
2022-01-10,3441.44091796875,3528.500232508882,3424.7208139056797,3528.500232508882,3937092
2022-01-11,3473.417236328125,3481.4890555369284,3420.2858084459604,3420.2858084459604,1906106
2022-01-12,3423.744873046875,3485.0369042039447,3403.0334703465164,3481.4888900484816,3203744
2022-01-13,3457.451171875,3479.715048380294,3421.1728120323205,3475.2800304751445,6684507
2022-01-14,3519.763671875,3527.6137413002043,3423.8787011195923,3439.6674104084805,3348123
2022-01-17,3565.000244140625,3586.155365505401,3514.574222074522,3541.539043469743,3442604
2022-01-18,3539.67626953125,3585.002018651542,3530.2739457678194,3578.1277414958386,2389041
2022-01-19,3478.409912109375,3564.91152862164,3474.722465771417,3564.91152862164,3102539
2022-01-20,3400.12744140625,3483.1635285665043,3386.310256981364,3474.277907320161,6176776
2022-01-21,3406.30322265625,3422.3418138894167,3350.8570276785663,3382.756324156083,3112358
2022-01-24,3351.0791015625,3420.6533474824882,3323.311533128875,3412.078809123836,3258414
2022-01-25,3349.790771484375,3384.888980694485,3307.4063951415274,3349.43543335464,3330501
2022-01-27,3242.585205078125,3317.3576181352228,3221.1265173905385,3315.225155894084,5718297
2022-01-28,3278.839111328125,3314.1594600905173,3239.6979015769352,3239.6979015769352,3143862
2022-01-31,3319.890380859375,3339.216607900845,3306.695145967757,3331.219548435409,2739393
2022-02-01,3377.113525390625,3383.644543728451,3320.023409336383,3349.8791832605725,2105169
2022-02-02,3426.473388671875,3433.4042169687295,3377.1137168552855,3401.3270359319927,1984212
2022-02-03,3398.39501953125,3449.842683269199,3390.7977694626597,3421.8529744416446,1960538
2022-02-04,3389.77587890625,3398.4838319273167,3348.990960352186,3390.13143394976,2307366
2022-02-07,3357.876708984375,3404.7928386994317,3337.572975002385,3368.539455877154,1919149
2022-02-08,3326.288330078125,3376.2699569216525,3306.3401508402926,3369.0282613170925,2946443
2022-02-09,3341.482421875,3356.9433164433626,3328.642742250787,3332.1080478469007,1638721
2022-02-10,3350.19091796875,3367.473411128061,3339.217086910007,3367.473411128061,2112459
2022-02-11,3283.193115234375,3334.3299172454485,3278.7947753859307,3334.3299172454485,3851488
2022-02-14,3317.669189453125,3370.538641551541,3296.5658367247656,3309.0057078067457,5951745
2022-02-15,3392.3525390625,3407.6357642925827,3330.3308590791657,3364.09621997698,3931683
2022-02-16,3388.176513671875,3424.6075628189806,3381.867635460556,3415.632998084702,3256906
2022-02-17,3362.496826171875,3407.6358265307354,3357.8763464040803,3398.750205079547,3134372
2022-02-18,3371.1162109375,3390.709051805688,3338.861575025704,3348.991097834247,3688883
2022-02-21,3304.91796875,3401.238235819317,3292.6115131522834,3385.421786187314,7465922
2022-02-22,3186.7392578125,3259.157074169786,3172.1669250983023,3243.2518982097486,5408531
2022-02-23,3166.65771484375,3219.1716057796148,3159.415803432267,3208.5978033646575,2426203
2022-02-24,3022.576904296875,3095.6168757851424,3013.202748546364,3086.8644531268505,5039136
2022-02-25,3128.40576171875,3136.624963109334,3076.202725859636,3081.5340997346093,2549723
2022-02-28,3158.127685546875,3166.613497830025,3070.7819790701324,3101.082036457885,3288942
2022-03-02,3150.974365234375,3173.899310518128,3115.2986841335264,3156.6168212733464,2761341
2022-03-03,3149.419677734375,3179.8086775840598,3136.713412213718,3165.813823365856,1928039
2022-03-04,3131.604248046875,3164.347634660531,3098.4608348995284,3111.3005151866846,2370257
2022-03-07,3096.55029296875,3152.6186540004137,3049.145630234379,3065.539559273232,3054130
2022-03-08,3198.779052734375,3206.820583036263,3074.424831616922,3074.424831616922,3300992
2022-03-09,3227.79150390625,3246.806650388833,3196.2030706942073,3203.267097605841,2719654
2022-03-10,3217.439208984375,3273.4630982851195,3212.152307356326,3273.4630982851195,2005441
2022-03-11,3198.068359375,3234.2330122460926,3192.4705914053425,3201.7115509453934,1623423
2022-03-14,3237.031982421875,3241.7858768007827,3181.0525657618205,3181.0525657618205,1765688
2022-03-15,3193.40380859375,3251.2492982969325,3185.8510294094035,3251.2492982969325,3651133
2022-03-16,3248.493896484375,3259.245584012251,3213.2624981418494,3234.8101277526175,3090475
2022-03-17,3263.46630859375,3296.5652453564253,3252.4037543243194,3284.6586005161084,3600452
2022-03-21,3222.548095703125,3300.075138230932,3212.1519626134377,3284.1254920661872,2413831
2022-03-22,3288.524169921875,3297.4542632536477,3221.0379154660395,3234.366348219692,2907611
2022-03-23,3298.6982421875,3314.159354710851,3278.794535574468,3294.7886552601967,1596195
2022-03-24,3331.97509765625,3339.394461966447,3283.2373735512606,3287.6801846115463,1879046
2022-03-25,3294.299560546875,3358.320504138264,3262.800077046092,3340.904599959908,1690133
2022-03-28,3294.52197265625,3299.2313956274616,3253.203831019655,3283.2372762842633,1760990
2022-03-29,3292.433837890625,3307.228310863317,3279.6828843085714,3283.0149923595486,2689063
2022-03-30,3315.71435546875,3321.445538331854,3293.189216689556,3321.445538331854,1583455
2022-03-31,3323.178466796875,3336.2402889696646,3305.62936170827,3323.2229382978535,2168110
2022-04-01,3339.883544921875,3343.6599346966455,3312.604725700365,3330.331500197456,1387014
2022-04-04,3350.19091796875,3358.765457296388,3320.646221816606,3342.7713360711673,1472994
2022-04-05,3389.68701171875,3408.1691482536567,3351.656507431064,3351.656507431064,2314947
2022-04-06,3336.862060546875,3384.799946643338,3315.358682300862,3384.799946643338,2051729
2022-04-07,3273.595947265625,3328.1093184300516,3269.0199392615564,3328.1093184300516,2494829
2022-04-08,3274.92919921875,3292.122964633607,3236.58782690362,3278.79453157841,2296773
2022-04-11,3284.480712890625,3298.6534512995636,3248.671835408125,3278.7940024783934,2291660
2022-04-12,3279.7724609375,3322.334509224508,3241.7864218175887,3272.5750193832214,4483476
2022-04-13,3253.870849609375,3296.4331162748845,3248.1841373510574,3293.9006268072867,1621672
2022-04-18,3134.891845703125,3207.7094730408703,3129.960282212317,3207.7094730408703,3820792
2022-04-19,3084.9990234375,3166.4358794399823,3055.898611311743,3154.3958182118126,3170014
2022-04-20,3160.43798828125,3171.4116009849918,3092.196369835976,3109.96761334078,2640370
2022-04-21,3224.28076171875,3237.9202766610933,3169.8563333582965,3181.052302537518,2280996
2022-04-22,3209.9755859375,3213.929644546312,3173.500062343697,3182.0303466809823,1581465
2022-04-25,3152.79638671875,3184.606957189106,3139.3792275227693,3161.504339754141,1960694
2022-04-26,3151.1083984375,3188.07245843862,3126.0952405594826,3176.7432895789925,1943469
2022-04-27,3164.347412109375,3170.789487548089,3115.5654379746916,3150.841311128136,1727648
2022-04-28,3184.87353515625,3202.7335052062913,3143.7775334280645,3188.161171907679,1703660
2022-04-29,3151.46337890625,3219.4828558444133,3142.7111717645585,3196.1580990746857,2051115
2022-05-02,3147.642822265625,3152.5743861315545,3103.5257934019173,3127.6501716746743,1324161
2022-05-04,3091.97412109375,3150.352610577351,3079.1344414976566,3144.177147062356,2305825
2022-05-05,3121.87451171875,3139.290418532952,3096.950514238651,3120.719554345007,1612262
2022-05-06,3050.079345703125,3087.3100230584364,3042.8819035727774,3073.537306017882,2010812
2022-05-09,3061.185546875,3070.8707875272926,2973.8843157191677,3019.3341828755033,2481830
2022-05-10,3055.54296875,3078.690055200708,3040.6595533442382,3051.32229870956,1622685
2022-05-11,3031.774169921875,3064.1622181217003,3005.2505019723253,3052.211100141161,1841769
2022-05-12,3028.79736328125,3065.2728838583857,2976.772221615572,3001.5630194609157,2807195
2022-05-13,3034.3505859375,3056.564638125786,3005.2501775708447,3052.2107706705233,2187823
2022-05-16,3000.496826171875,3047.7682909715472,2991.433535282342,3034.439858212196,1195813
2022-05-17,3066.961181640625,3080.644951878495,2977.0385191605064,2994.454423948811,1754076
2022-05-18,3064.473388671875,3105.5249193259233,3059.3641559719827,3078.8680530656147,1866781
2022-05-19,2898.445068359375,3025.553918820275,2870.0555529484545,3018.445422094706,4642963
2022-05-20,2926.03564453125,2944.6065097681267,2905.643183198375,2941.1412035828844,3065125
2022-05-23,2951.581298828125,2966.8200528085695,2902.9325214936357,2936.5202138894765,2293690
2022-05-24,2921.592529296875,2954.3361333164494,2910.5744447313305,2945.716906382836,1711510
2022-05-25,2833.613525390625,2945.6110559752246,2821.4478094645397,2945.6110559752246,3548046
2022-05-26,2886.65966796875,2899.675376224117,2845.152756265719,2854.5007328493466,2813186
2022-05-27,2917.38818359375,2933.132090597313,2888.673117763423,2910.142260546347,3103153
2022-05-30,3019.322021484375,3029.475224891386,2939.7968210238773,2949.3236663458956,2094624
2022-05-31,3009.5712890625,3026.612246033562,2974.3707538356352,3000.44672887576,4840965
2022-06-01,3001.385986328125,3030.727190529451,2987.8336778962866,3030.727190529451,1493835
2022-06-02,3062.0361328125,3070.0870604184925,2993.424382338286,3001.2069020116674,2657939
2022-06-03,3077.37744140625,3110.610011492241,3069.371285099151,3094.597480482661,1913622
2022-06-06,3069.14794921875,3088.872766865215,3021.021246154396,3057.563601837621,1084210
2022-06-07,3008.094970703125,3058.3239461384833,3002.101545860968,3042.400956238807,2308256
2022-06-08,3045.174072265625,3053.940682272369,2993.6034913799344,3023.704930238696,2185707
2022-06-09,3065.70458984375,3074.56052494614,2999.5080583203244,3028.044043335084,1279197
2022-06-10,3005.59033203125,3035.1999443400923,2998.5234934948394,3025.359920942585,1527582
2022-06-13,2880.085205078125,2945.7449039172147,2855.798109527881,2943.061261429589,3030921
2022-06-14,2871.989501953125,2897.3497923832656,2839.9198869193006,2853.606507263308,2611493
2022-06-15,2868.188232421875,2892.9671591535985,2863.4470861010104,2879.1016702955644,1404536
2022-06-16,2810.66845703125,2902.6727617050265,2802.6622999813585,2898.3341186445737,2032028
2022-06-17,2763.16748046875,2789.8698087215957,2704.9773446255776,2765.9406648712384,5240434
2022-06-20,2784.189697265625,2807.7611124816544,2745.3664210931734,2767.7301097628797,1502769
2022-06-21,2873.241943359375,2896.321313698456,2795.8188096638946,2799.9338157288753,2964461
2022-06-22,2883.082275390625,2907.771877636186,2847.345140817848,2862.462908590004,3336315
2022-06-23,2959.87939453125,2968.109189472764,2883.082389175418,2883.082389175418,3692578
2022-06-24,2945.834716796875,2992.261648742065,2931.8796872203643,2986.8943632734695,2132118
2022-06-27,2965.15673828125,3008.2738867735548,2957.821492005862,2996.734310666759,2037686
2022-06-28,2968.242919921875,2978.843395941268,2927.496452991012,2958.2688019152474,1400046
2022-06-29,2943.509033203125,2981.527308210307,2926.0653540821827,2926.0653540821827,2133994
2022-06-30,2922.57568359375,2961.756682124427,2911.7515734893072,2926.9588781741977,2719603
2022-07-01,2965.514892578125,2981.5272075648168,2909.1136216452282,2916.225231521543,1502879
2022-07-04,2893.906494140625,2968.0644088978033,2884.9610174077725,2962.741893920842,2622535
2022-07-05,2877.1328125,2926.9590584155944,2868.7687070501124,2911.7517527942423,2170627
2022-07-06,2916.89599609375,2923.828739778401,2864.5649631192855,2879.101361167748,2182144
2022-07-07,2941.13818359375,2969.3609834462977,2920.7424562325778,2926.064970356502,1989921
2022-07-08,2921.100341796875,2956.47974214826,2907.279625410543,2952.0070042630127,2136916
2022-07-11,2785.441650390625,2884.9152744700245,2778.46413721051,2868.052969151027,6974600
2022-07-12,2759.41064453125,2805.4798410310173,2755.429951813746,2786.4259354986384,3734815
2022-07-13,2718.306396484375,2782.04291010001,2714.9518431361835,2776.675624742904,3863530
2022-07-14,2689.605224609375,2741.8501614442216,2661.128370626433,2740.9532526573576,4764908
2022-07-15,2685.88330078125,2716.6470988263773,2648.5718054355975,2707.364223712299,4574806
2022-07-18,2747.680419921875,2759.7438008534455,2703.5525457596186,2711.3556094087903,3202795
2022-07-19,2757.322509765625,2761.5379382964898,2717.6791755225568,2717.6791755225568,1865074
2022-07-20,2838.537109375,2844.949919921643,2778.668444964135,2787.4133060578565,3402251
2022-07-21,2849.74853515625,2855.757780661632,2819.9263158701324,2840.5103301995564,2420640
2022-07-22,2844.09814453125,2867.4177761168103,2819.4331495849838,2856.654869231167,2075886
2022-07-25,2840.2861328125,2857.9551935626573,2824.4557790199847,2838.716542307275,1797504
2022-07-26,2794.678466796875,2842.2146404168366,2777.27852102286,2838.4476666790706,2639367
2022-07-27,2860.10791015625,2864.8166816784224,2789.386558848772,2793.871103155603,1389808
2022-07-28,2924.371337890625,2927.5105189004753,2871.5881638933847,2884.4588936225273,2106333
2022-07-29,2961.5029296875,2975.3154558936158,2937.376171773738,2950.829803094839,2430257
2022-08-01,2958.72265625,2984.0154394446076,2933.7885489700366,2984.0154394446076,1306913
2022-08-02,2952.444580078125,2971.369225326498,2934.371735466329,2950.8301003625766,1269114
2022-08-03,2995.2275390625,3003.748174373503,2939.215617049292,2941.86145474622,2895824
2022-08-04,3009.084228515625,3038.6373306019964,2966.39149968863,3004.64457361168,2150567
2022-08-05,3018.143310546875,3028.861328010929,3009.129332388708,3014.6901237242273,1106933
2022-08-08,3026.574462890625,3030.565664056086,2992.0883564139904,3018.098716826462,1068836
2022-08-10,3008.456298828125,3036.036244028681,2991.190804678183,3036.036244028681,1878359
2022-08-11,3069.67041015625,3075.231200998242,3027.1121308061656,3049.4899618791087,1449248
2022-08-12,3050.879638671875,3066.5306506992983,3032.672349422932,3066.5306506992983,1472354
2022-08-16,3042.94287109375,3062.8095351985526,3038.2789884704052,3059.35634824282,839942
2022-08-17,3050.4765625,3065.58934417508,3023.569298894891,3036.1260219106084,1622326
2022-08-18,3032.6728515625,3042.314621072089,3015.407357324399,3040.520803488909,1430659
2022-08-19,3036.709228515625,3068.773720849505,3023.7040498067786,3037.8303646112154,1398410
2022-08-22,3008.7255859375,3035.22928589152,3002.3125563634576,3018.0982394990715,1536532
2022-08-23,2945.987060546875,2997.3797653396714,2932.8921030180345,2977.6926587789303,1849256
2022-08-24,2919.752685546875,2966.974854945067,2915.133472995961,2952.624311511234,1691923
2022-08-25,2886.4326171875,2940.2022701260275,2883.3383248062646,2938.2740032865145,1946930
2022-08-26,2890.019775390625,2921.2322484903357,2885.1765549837287,2900.8724605252028,1457962
2022-08-29,2809.61181640625,2818.7153534977124,2763.376122142402,2802.840110903929,2539173
2022-08-30,2880.10888671875,2893.876525731647,2818.1775032098362,2829.7475402706787,3431525
2022-09-01,2808.849609375,2861.1394429895345,2799.252727764996,2861.1394429895345,3546935
2022-09-02,2807.68310546875,2836.9224187454834,2798.6244583411744,2836.9224187454834,2052900
2022-09-05,2810.3740234375,2823.4240906299206,2791.4044893857963,2801.6291623975735,2147912
2022-09-06,2804.678955078125,2817.0563414080293,2786.112985069215,2812.257791314557,1936453
2022-09-07,2824.904296875,2835.936100924758,2782.211346585574,2782.211346585574,1291534
2022-09-08,2842.886962890625,2855.3092376764303,2834.3216588095115,2843.2009685673893,1346113
2022-09-09,2885.938720703125,2900.1548137963414,2841.8557375950854,2865.623822507905,1561185
2022-09-12,2908.63037109375,2932.7124601440546,2892.530901806751,2905.894755438751,1785928
2022-09-13,2896.432373046875,2927.016830182846,2892.5307323772486,2927.016830182846,1972678
2022-09-14,2798.714111328125,2817.549195989468,2792.794644674827,2811.8090673004745,5090269
2022-09-15,2784.3193359375,2814.2760067345016,2780.417694487118,2807.3249624982836,2138023
2022-09-16,2698.52978515625,2775.350164437028,2690.726721458401,2758.8917984020136,5322221
2022-09-19,2716.557861328125,2728.3970156291753,2679.784594516555,2723.015561949433,2072220
2022-09-20,2726.87158203125,2762.43392462739,2717.6333785671627,2735.5715526831177,1544295
2022-09-21,2691.802490234375,2727.858178103322,2689.066874759079,2715.8396884709605,2253818
2022-09-22,2697.36376953125,2717.5891092550232,2672.1607605323097,2681.757642079149,2017983
2022-09-23,2674.627197265625,2710.9071180452506,2671.8915813587437,2694.3143035923686,2652374
2022-09-26,2685.703857421875,2713.9118168201303,2624.445156215398,2654.715830856097,2925489
2022-09-27,2706.3779296875,2713.1496362102757,2669.2010966485227,2699.1577686794003,2227447
2022-09-28,2722.701416015625,2735.5272570862203,2672.7885232951976,2672.7885232951976,2739767
2022-09-29,2688.3046875,2740.8187395314417,2681.757209715352,2739.1593707259813,2493902
2022-09-30,2694.8076171875,2708.395699120603,2645.9709725023213,2682.520009335048,2817353
2022-10-03,2677.22802734375,2709.292518723233,2667.406919233083,2686.2420050783735,1763331
2022-10-04,2772.479736328125,2778.6236496108236,2711.3554850786054,2717.588957864213,2145875
2022-10-06,2782.16650390625,2801.94338884146,2773.6458694011303,2790.2835732028752,1790816
2022-10-07,2748.93603515625,2784.902170094704,2742.8372297358187,2778.085574778819,1939879
2022-10-10,2797.055419921875,2804.6342566739895,2695.2113659435045,2699.695910645574,3064063
2022-10-11,2753.106689453125,2820.778420484031,2738.5768094281584,2780.417520985849,4730645
2022-10-12,2781.08984375,2789.2964713334904,2746.3795184552414,2766.8737522836636,1665247
2022-10-13,2783.377197265625,2789.386442591945,2737.679736477988,2781.090035970088,2054781
2022-10-14,2779.65478515625,2825.2626846544204,2754.4068903408647,2820.7781407105244,2245977
2022-10-17,2798.178955078125,2813.15104677649,2761.9399421370213,2763.0189742303005,1517005
2022-10-18,2827.808837890625,2837.3857701324823,2813.2863596612765,2832.5748013053026,1793722
2022-10-19,2807.26171875,2840.668030854225,2798.404213997578,2840.668030854225,1194289
2022-10-20,2839.13916015625,2841.5670374514175,2792.1093833185605,2792.1093833185605,1587601
2022-10-21,2821.244140625,2841.9264308188326,2811.8922363527845,2839.5885645200665,1021913
2022-10-24,2843.095947265625,2857.7534427519686,2837.071149113424,2850.6496123176526,260949
2022-10-25,2843.455322265625,2863.373179310594,2833.608577956596,2860.001066749578,2069643
2022-10-27,2839.22900390625,2854.1563112448976,2818.501925922069,2842.1965071167756,2438421
2022-10-28,2844.48974609375,2858.2030057564166,2828.078796005641,2832.574946714712,1355739
2022-10-31,2871.37646484375,2876.637048668789,2857.5734147297503,2876.637048668789,1919414
2022-11-01,2931.220703125,2933.828602485197,2880.6390032690038,2890.5755411039963,2991060
2022-11-02,2915.034423828125,2940.4826817707453,2897.3646386476103,2940.4826817707453,1405955
2022-11-03,2883.606201171875,2902.75984672767,2873.0402472110827,2902.75984672767,1422652
2022-11-04,2893.182861328125,2895.565952837209,2847.0973182984712,2892.823257100407,1464013
2022-11-07,2907.83984375,2916.022924105761,2873.1296994229197,2903.613506895121,1474498
2022-11-09,2891.96875,2922.317763177847,2879.019705987638,2922.317763177847,1162267
2022-11-10,2882.616943359375,2900.0171339786884,2850.5594774302144,2850.5594774302144,1573092
2022-11-11,2981.8017578125,3004.8671396793848,2927.038737099528,2940.1225778724047,3265394
2022-11-14,2999.38232421875,3011.5219318868517,2975.552723981365,2989.0411769459224,1342074
2022-11-15,2996.774169921875,3003.3833791047664,2960.26534186353,2986.3430134656087,1400708
2022-11-16,3017.231689453125,3028.516851149373,2986.7476584957576,3002.439179238099,1748235
2022-11-17,3011.52197265625,3021.413504964168,2983.4210285996637,3003.428900767953,1417986
2022-11-18,3006.5302734375,3023.8854550397373,2986.342605363755,3012.420273402162,1164540
2022-11-21,2952.6220703125,2997.7633779898833,2943.180154144301,2987.6920446515246,1304194
2022-11-22,2980.90283203125,2984.4997524987552,2927.2188379614577,2949.474783354145,1149739
2022-11-23,2974.922607421875,2994.435854215807,2959.3658847520182,2994.435854215807,1150011
2022-11-24,3039.532470703125,3051.0426596485013,2974.9229211016186,2982.0717563383823,1296591
2022-11-25,3048.075439453125,3060.395068338358,3010.6225909150426,3042.09564667431,1588981
2022-11-28,3053.111083984375,3072.6693392164375,3026.4039931614175,3026.8086028102216,2195437
2022-11-29,3054.999267578125,3083.4598105600744,3042.0952286744628,3042.0952286744628,1576028
2022-11-30,3049.109375,3070.7806880330454,3034.9014959409137,3042.095336523885,3410702
2022-12-01,3125.408935546875,3129.320674205069,3075.366869477395,3079.8630198713677,2180856
2022-12-02,3092.586669921875,3119.3387615848396,3069.071893973049,3109.6272535195585,2411749
2022-12-05,3080.67236328125,3092.5871623054572,3063.6770019225387,3087.056984913436,1475065
2022-12-06,3044.20849609375,3064.5309632236253,3028.6067671234496,3057.4271337408773,1166999
2022-12-07,3039.937255859375,3051.717038027653,3016.017648233855,3028.8766821146633,1167505
2022-12-08,3012.915283203125,3039.9371900709016,3002.933741848368,3021.4129632545614,1285619
2022-12-09,2960.940185546875,3034.0926487610736,2946.1928983587636,3034.0926487610736,1797896
2022-12-12,2955.2744140625,2963.8621045413224,2909.99831491075,2927.443289239768,1527610
2022-12-13,2996.324462890625,3000.235981787679,2938.503928206121,2946.9566026504367,1378016
2022-12-14,3026.22412109375,3036.7000639995404,3004.237769399859,3011.3418189511494,1213311
2022-12-15,2972.045166015625,3025.684147794048,2966.5147697828043,3020.333773192401,1415694
2022-12-16,2913.72998046875,2960.265132537034,2900.1965251865877,2944.978222678854,2703680
2022-12-19,2879.3798828125,2918.4513880687246,2872.590651420595,2901.815630657148,2120965
2022-12-20,2917.057373046875,2921.5985288569414,2844.8491537414297,2876.5470140498965,1529971
2022-12-21,2939.178466796875,2952.2173027124622,2913.5054045863976,2921.598475154693,1432566
2022-12-22,2931.220703125,2962.0643435671373,2918.0920736411094,2962.0643435671373,1384101
2022-12-23,2903.029541015625,2937.649899386993,2892.82319170629,2892.82319170629,1360281
2022-12-26,2925.105712890625,2942.281096839824,2900.0622845444204,2903.029787993577,870157
2022-12-27,2931.040771484375,2943.899806965109,2905.862326446313,2939.76326032198,835883
2022-12-28,2928.88232421875,2936.975394780793,2900.916181461144,2922.317900855153,910795
2022-12-29,2939.358642578125,2941.8315255661446,2902.7150128465582,2905.5027142121367,1037927
2022-12-30,2928.5224609375,2966.5599359733387,2919.080545409243,2954.914950729539,1163131
2023-01-02,2932.7939453125,2937.649919541841,2909.1891553518903,2932.3893356780377,709547
2023-01-03,2977.666015625,2985.4442690527153,2918.271816906754,2924.2966153492257,1245178
2023-01-04,2980.632568359375,2992.052964747602,2955.049519310616,2973.4837339189708,1231668
2023-01-05,2977.44091796875,3001.00070304536,2951.228228425236,2994.6160814211885,1826057
2023-01-06,2887.9228515625,2968.853571211557,2877.5366986331455,2967.4597204654315,2488376
2023-01-09,2985.39892578125,2991.738541892258,2896.5549480175173,2903.6139921160507,2885060
2023-01-10,2955.229736328125,2965.660893386526,2904.6032569263607,2953.9709019935526,3864655
2023-01-11,2993.26708984375,3011.9711192058594,2941.5163554119845,2958.556940867891,2720512
2023-01-12,2998.34765625,3012.420518018747,2981.4420882411646,2993.5366879057938,2250391
2023-01-13,3034.496337890625,3038.497867083987,2971.9548537178384,3006.03557950481,1742837
2023-01-16,3066.225341796875,3083.6530407390187,3033.1172268351675,3050.544925777311,1843607
2023-01-17,3107.012939453125,3110.1399520710393,3054.223972942188,3062.501002679159,1688475
2023-01-18,3117.681396484375,3135.1090986179565,3101.357253479184,3108.48469619976,2421189
2023-01-19,3102.138671875,3114.9219938480996,3091.0105761214827,3108.4843044601644,1585044
2023-01-20,3092.942138671875,3121.9575463467286,3086.0446139576375,3094.689421787962,1529349
2023-01-23,3140.58056640625,3144.3513027053577,3086.044322440379,3115.841536579629,1067916
2023-01-24,3160.261962890625,3174.6547081099407,3142.7882334602164,3149.869647323622,1387863
2023-01-25,3154.238037109375,3159.066304386822,3131.4762056585528,3150.145550703775,874110
2023-01-27,3137.040283203125,3169.1827036169857,3110.599771674109,3150.789304292453,1785879
2023-01-30,3157.82470703125,3180.632567224445,3113.5887161305623,3145.271301734969,1953798
2023-01-31,3088.8955078125,3171.9417516673952,3081.8140938931406,3171.9417516673952,2820375
2023-02-01,3134.556884765625,3144.351279049428,3085.492407490737,3092.8497664355737,2205161
2023-02-02,3182.426025390625,3190.3352773194592,3145.3635034639556,3151.7091367465514,1813847
2023-02-03,3202.566650390625,3222.523443017251,3175.5282196617327,3222.523443017251,1804469
2023-02-06,3182.011962890625,3194.1515611886443,3160.7677220012893,3194.1515611886443,1138714
2023-02-07,3193.599853515625,3212.4070586382527,3183.345399100722,3190.2429235610102,1455647
2023-02-08,3237.330078125,3255.5393623719233,3198.6579142429127,3198.6579142429127,1986946
2023-02-09,3256.413330078125,3262.6211020458163,3223.71901947586,3232.6397728051547,1655427
2023-02-10,3253.37841796875,3257.7928785550507,3226.339987208153,3237.238165731009,1187821
2023-02-13,3202.65869140625,3263.9088027055695,3194.3816614754664,3263.9088027055695,1087939
2023-02-14,3218.936767578125,3241.6985980328905,3214.246361188052,3223.4430603616947,1579818
2023-02-15,3237.835693359375,3242.7560170595057,3182.1956652731296,3206.888891516306,1429449
2023-02-16,3272.231689453125,3287.8200500995868,3243.675892783564,3243.8597818666217,1618931
2023-02-17,3219.902099609375,3254.619637461406,3209.64787029373,3242.89384653125,1061369
2023-02-20,3207.164794921875,3239.0772946281572,3195.89883897094,3220.6838971572424,1296082
2023-02-21,3173.781005859375,3227.029806293947,3168.0330686566454,3213.326813814157,1139541
2023-02-22,3128.30322265625,3170.1021750983955,3122.2793398488698,3140.6267096205747,1218430
2023-02-23,3139.569091796875,3175.068214566864,3134.2349615691996,3146.1906700493637,1441570
2023-02-24,3127.291748046875,3158.100692470088,3110.599827670895,3147.5705160729894,977592
2023-02-27,3064.202392578125,3117.681110007593,3049.6255341549195,3117.681110007593,1128022
2023-02-28,3046.72900390625,3119.5207982882703,3034.81909717888,3061.121750325032,4116217
2023-03-01,3113.726318359375,3116.761273918401,3048.7057016935673,3056.063060853009,1669307
2023-03-02,3054.6376953125,3099.1956592623837,3051.464878906557,3091.010686559656,1556538
2023-03-03,3073.675048828125,3088.25190836795,3063.5128747920126,3084.573228310335,1043190
2023-03-06,3100.9892578125,3131.430198902516,3089.171408964008,3091.8383620479917,1334132
2023-03-08,3118.048828125,3123.199069523481,3063.2826636402224,3093.769631883684,1844590
2023-03-09,3068.801025390625,3113.083047465499,3063.283005217865,3113.083047465499,1648500
2023-03-10,3063.4208984375,3069.168836178489,3025.714426856612,3046.7747809280686,1024404
2023-03-13,3018.310546875,3099.1036364238453,3009.159876386488,3065.25973960763,1901233
2023-03-14,2956.692626953125,3038.9570525672148,2951.5884142286423,3016.517197373872,2670334
2023-03-15,2941.931884765625,2998.4457784271503,2935.5862524149616,2988.927105372376,1780522
2023-03-16,2929.148193359375,2961.1527459979056,2917.192486447704,2950.300597895408,1901060
2023-03-17,2923.90673828125,2962.62470874156,2891.4423439035454,2897.420198622175,6739966
2023-03-20,2890.798583984375,2915.0317523258964,2846.424509123387,2915.0317523258964,2289468
2023-03-21,2856.586669921875,2903.1678589753687,2848.631390837733,2890.798344143033,1815297
2023-03-22,2879.302734375,2890.9824978748425,2856.586931436793,2878.612981910102,1123939
2023-03-23,2873.646240234375,2893.6032551387784,2851.896138598652,2864.679459405179,1372218
2023-03-24,2869.829833984375,2915.3534926231273,2856.494620847771,2895.9483685231785,1329577
2023-03-27,2871.4853515625,2899.4892548960856,2856.494687402186,2883.1651142967976,1524217
2023-03-28,2865.599609375,2896.546639011127,2860.3115069743058,2875.808035994818,1303530
2023-03-29,2886.751953125,2896.960379511943,2854.7476180791455,2877.6473103151966,1740616
2023-03-31,2948.369384765625,2954.899130296117,2898.7992713020108,2933.7006960491485,2382581
2023-04-03,2942.94384765625,2965.889568062685,2918.8025114059446,2965.889568062685,1521830
2023-04-05,2979.546630859375,3002.124572143045,2929.608509647277,2929.608509647277,2655065
2023-04-06,2961.98095703125,2995.686995347432,2956.7388832326774,2965.935582713961,1703464
2023-04-10,3001.25048828125,3009.1597387753586,2956.7385575069616,2961.3369067410313,2203187
2023-04-11,2955.63525390625,3010.033640232757,2935.7242652855402,3001.8026392985266,2348779
2023-04-12,2981.248046875,2998.997722073373,2942.0242127497345,2968.6486132828945,2417727
2023-04-13,2932.689697265625,2970.534027024399,2924.5505281540522,2952.1406274762603,4174070
2023-04-17,2887.30322265625,2909.283240193526,2823.6160915306104,2882.337095744596,5505048
2023-04-18,2879.256591796875,2903.260066434997,2860.725332786317,2901.51255887594,2617302
2023-04-19,2841.411865234375,2887.7631327122667,2824.76575226934,2879.2561871780026,3298034
2023-04-20,2855.39111328125,2862.9323614573923,2830.7439153761175,2841.7799540325545,2419999
2023-04-21,2906.939208984375,2910.2498864944946,2851.7129767852143,2860.1738964606193,1929184
2023-04-24,2919.768310546875,2925.4241911378012,2875.0262311012816,2897.9721768285667,1640676
2023-04-25,2920.87158203125,2934.8505195080106,2894.66099006403,2927.3092712863568,2024090
2023-04-26,2941.241943359375,2950.668559009048,2925.469695766794,2925.469695766794,2000029
2023-04-27,2931.861572265625,2942.207858497585,2915.9512383098318,2929.1485910038896,2434446
2023-04-28,2960.6474609375,2968.004820473883,2939.4950522704,2943.311592718381,2931312
2023-05-02,2960.784912109375,2975.1318510325054,2952.1401056613113,2975.1318510325054,2321159
2023-05-03,2924.458251953125,2957.658425458373,2918.2504800713327,2957.658425458373,2468285
2023-05-04,2961.98095703125,2965.429719336731,2922.711095151928,2924.688295728886,1953253
2023-05-05,2971.17724609375,2983.4088996200167,2952.1861540997215,2961.3368239138267,1710027
2023-05-08,2989.479248046875,2993.38784535891,2971.7295729946986,2984.3290064830276,928235
2023-05-09,3019.506591796875,3033.0717245857286,2985.248883567397,2991.318795508172,1107375
2023-05-10,3022.771484375,3040.888938969524,3003.6883313480475,3025.7143835505017,1559987
2023-05-11,3018.493896484375,3043.830842300335,3009.159338592109,3043.187118398927,1719623
2023-05-12,3011.275634765625,3025.7144093818356,2998.124308384433,3015.7358997095816,1027479
2023-05-15,2993.572021484375,3027.5537847027813,2987.4102770956342,3020.1964243511343,1150390
2023-05-16,2996.42236328125,3021.115589647415,2989.3409500316684,2994.6290519009144,986306
2023-05-17,2950.94482421875,3016.517334349857,2941.3343184708624,2994.39922789193,1588815
2023-05-18,2942.805419921875,2969.5676756623666,2938.3449317007494,2966.8086663368263,1369364
2023-05-19,2963.958251953125,2974.6723165667154,2945.748742874228,2952.1404038272244,1152449
2023-05-22,3033.71484375,3042.6816246528992,2958.623891436203,2970.533570909172,1333243
2023-05-23,3032.197998046875,3060.6157110445483,3025.806336495552,3040.4289995858485,1687418
2023-05-24,3037.991943359375,3050.729237970391,3012.838879386915,3012.838879386915,1016555
2023-05-25,3028.932861328125,3040.42873525149,3004.653665413494,3029.3926962850596,1374917
2023-05-26,3061.4892578125,3070.4560399745756,3026.6338559375918,3028.9330308509448,1791115
2023-05-29,3053.6259765625,3101.126836063768,3045.946643251246,3090.8265783111865,1210372
2023-05-30,3049.80908203125,3059.69553282269,3036.152119608709,3048.705523127727,1344224
2023-05-31,3025.25439453125,3060.3857428071565,3002.8603407413625,3043.187959113515,5815424
2023-06-01,3056.982666015625,3071.6973840229207,3032.611414316042,3047.7859672610653,1177314
2023-06-02,3040.06103515625,3067.926854638959,3032.5655904484856,3059.0521295537624,2030661
2023-06-05,3024.7021484375,3059.741660328517,3021.1615541519814,3048.7056218782786,1861468
2023-06-06,2972.649169921875,3024.6565495489344,2961.8890766094332,3016.5173808287786,2022849
2023-06-07,3011.8271484375,3015.460024506568,2980.65042571226,2991.6864655482823,1567196
2023-06-08,2976.465576171875,3007.320545945049,2973.2927599511754,2999.0435169195125,1759366
2023-06-09,2951.49658203125,2988.92710113042,2947.8639309217856,2984.3287517440654,1775689
2023-06-12,2986.076416015625,2992.9739409759577,2953.060353017023,2956.739032995867,2324605
2023-06-13,2983.133056640625,3002.7220694111443,2978.810653238192,2998.1237201471154,1371928
2023-06-14,2989.892822265625,2994.3072826160305,2966.7171860869717,2983.1331588044936,1658544
2023-06-15,2979.932373046875,3008.7930517777695,2974.095318303943,3006.8011469505554,2273810
2023-06-16,2941.5751953125,2964.2746801787644,2924.064254609405,2962.0511476509087,4156189
2023-06-19,2974.466552734375,2978.635846247477,2941.6682009107667,2955.5658459544397,1468186
2023-06-20,2990.4951171875,2994.942408695361,2965.803725782431,2977.8019803702673,1528452
2023-06-21,3018.75341796875,3021.718203335577,2987.020465383,3011.156084779186,1645987
2023-06-22,3000.5009765625,3027.508637655328,2992.7183873435865,3020.420930552339,1529603
2023-06-23,2979.979736328125,3010.600702724202,2973.3086851435883,2999.390070425381,1119505
2023-06-26,2955.241455078125,2977.7093143980414,2939.8151596740126,2969.4634688796755,1978803
2023-06-27,2962.37548828125,2973.771375126299,2948.431473899292,2966.683667337439,863542
2023-06-28,2979.145263671875,2993.506162547034,2958.7156816452284,2972.242812355477,1575872
2023-06-30,3059.56689453125,3066.7473452641193,2977.895148610408,2983.3614657856388,2672406
2023-07-03,3031.8173828125,3074.900078835827,3028.5282285215303,3070.7307856722796,1687264
2023-07-04,3065.68115234375,3071.379095480353,3036.4497313989273,3048.2163572037293,1656681
2023-07-05,3075.9658203125,3084.350778301896,3062.114545595604,3076.0121910370362,1453008
2023-07-06,3078.698486328125,3083.8406595588453,3059.334527255893,3063.5501909386862,1848238
2023-07-07,3084.58203125,3110.199930757501,3059.334645096493,3059.334645096493,1789326
2023-07-10,3031.4931640625,3080.412918176495,3025.239224007551,3080.412918176495,1407431
2023-07-11,3031.909912109375,3052.849119462837,3021.162536512691,3052.849119462837,1110172
2023-07-12,3020.328857421875,3047.429265939349,3011.2492433903294,3039.8319316972584,1515240
2023-07-13,3095.052001953125,3119.9750222295534,3032.2345994922275,3042.657833544412,4585146
2023-07-14,3256.356689453125,3265.8072677930727,3105.66000208669,3117.704626199795,6306101
2023-07-17,3235.09326171875,3289.0160708092913,3221.5199876631723,3252.0484312581953,2743228
2023-07-18,3239.865478515625,3265.0201259531977,3210.356054604946,3220.5476611275017,2600090
2023-07-19,3215.034912109375,3258.3956097228456,3192.42794053721,3242.7838313695074,2405370
2023-07-20,3217.125,3231.615999345678,3191.8119589657226,3207.6500721995853,1715404
2023-07-21,3128.877685546875,3190.743550376295,3120.2851854216624,3162.0865373821553,3770223
2023-07-24,3153.447021484375,3170.8177572748905,3132.4071018782743,3140.674388287406,1680132
2023-07-25,3157.53466796875,3164.641033805337,3139.9316997265273,3156.0020424597774,1272980
2023-07-26,3147.455810546875,3177.692164718962,3144.390332959445,3158.649328138262,1066803
2023-07-27,3155.4443359375,3169.1458889102455,3144.4367836891192,3153.632989545926,1701769
2023-07-28,3116.894287109375,3152.47192520402,3094.228757385738,3144.3903763886888,2599831
2023-07-31,3178.24951171875,3183.0798446211247,3122.003427202266,3125.2546433386306,2743678
2023-08-01,3206.67431640625,3214.0591758025353,3172.2578281403635,3172.2578281403635,1956167
2023-08-02,3196.0849609375,3201.4262450108586,3170.95788424797,3190.7901681699773,1914899
2023-08-03,3158.27734375,3189.2103843153136,3128.5984342456786,3176.902210546384,2026351
2023-08-04,3198.77880859375,3224.277587720079,3159.485492720518,3159.485492720518,2248493
2023-08-07,3236.39990234375,3240.0690865999345,3196.642128515489,3208.439353054858,1853889
2023-08-08,3223.90576171875,3241.8802048934517,3210.900898181017,3236.3996745458503,1634225
2023-08-09,3216.381591796875,3220.561726717622,3181.5936254249154,3218.6109063732065,1794589
2023-08-10,3197.431640625,3218.61080881872,3186.2381232080143,3204.770008770933,1096701
2023-08-11,3203.65576171875,3220.236829119453,3171.3293364816013,3193.7163741820514,1679974
2023-08-14,3204.630859375,3209.414700848217,3168.5422705045635,3196.1311156291627,1190425
2023-08-16,3212.57275390625,3219.632627647557,3191.0218826561636,3204.7699265389706,1328445
2023-08-17,3191.53369140625,3214.803159442729,3170.5865210423362,3209.4153834850013,1843241
2023-08-18,3127.762939453125,3167.6134698101937,3117.9163083336994,3167.6134698101937,2526749
2023-08-21,3159.856689453125,3167.3810227911003,3132.3143364914113,3135.101093018539,1375579
2023-08-22,3141.743408203125,3168.5428129470506,3125.859028854142,3158.324703611836,1222012
2023-08-23,3156.698486328125,3160.181932020387,3136.0300418873685,3147.177068102608,1330046
2023-08-24,3146.94482421875,3170.446516407415,3137.9808480590923,3165.75543087226,1152881
2023-08-25,3140.953857421875,3145.1339929183678,3112.1108771387035,3135.1016223694123,1158046
2023-08-28,3135.6123046875,3152.7508133982506,3121.2605527357937,3152.7508133982506,1037485
2023-08-29,3136.169677734375,3148.617327956399,3125.812321973633,3140.721516741904,944517
2023-08-30,3149.91748046875,3165.8485755841652,3142.579111915721,3156.4664040334264,1188200
2023-08-31,3118.19482421875,3174.4871701530287,3105.9794053350392,3159.2529918099285,3417652
2023-09-01,3139.00244140625,3148.105891229252,3118.194750485235,3126.740758299694,1277950
2023-09-04,3175.509765625,3188.839844678706,3130.503683106251,3137.888544180562,1828332
2023-09-05,3185.587890625,3201.9832173125233,3163.1078734372104,3176.902408821825,1501842
2023-09-06,3186.098876953125,3199.103741686018,3156.5594370607423,3189.907535196781,1314818
2023-09-07,3209.64697265625,3214.059337353484,3179.039140798069,3186.9349513089087,1885092
2023-09-08,3197.246337890625,3218.7044583275583,3190.8833785689417,3209.6474977305325,1518917
2023-09-11,3233.2412109375,3237.932296351562,3200.1253456084146,3215.9169656012573,1783604
2023-09-12,3326.272705078125,3334.725730646849,3235.424395053453,3243.7846648081127,4476016
2023-09-13,3314.243408203125,3333.750705221569,3293.01752049451,3317.262394646456,1754929
2023-09-14,3306.997802734375,3341.9715088947505,3293.574969875399,3316.28699181143,2604721
2023-09-15,3342.52880859375,3350.935569707804,3309.2269764561156,3314.243274416184,2952897
2023-09-18,3349.8203125,3362.035730327495,3321.11681338642,3325.5756688141973,1395753
2023-09-20,3349.727783203125,3367.330749626567,3325.529402389823,3325.529402389823,1649396
2023-09-21,3330.453125,3348.7527827829417,3277.2260243157334,3333.472111558681,2004073
2023-09-22,3347.498779296875,3375.4593312071706,3311.64264287237,3329.2456121214996,1989083
2023-09-25,3322.882080078125,3362.6863447912865,3305.697080802258,3346.430264395196,1238778
2023-09-26,3330.82421875,3339.4167179671663,3284.656998043239,3314.0109239214776,1726062
2023-09-27,3334.168701171875,3357.112952975128,3302.956934967385,3334.818899053876,1541134
2023-09-28,3285.35400390625,3346.709144183534,3276.6222567368527,3344.1081258394006,1755753
2023-09-29,3277.783447265625,3314.80073078161,3256.3718204401093,3285.7720140406323,2243791
2023-10-03,3264.08154296875,3282.984905211429,3232.730532250144,3282.984905211429,1948148
2023-10-04,3286.282958984375,3295.8043780585294,3230.129854777585,3238.4901251841598,1788138
2023-10-05,3334.215087890625,3366.4020365150864,3298.776696384458,3301.37771461772,2990768
2023-10-06,3363.98681640625,3376.573712868575,3320.931561429297,3335.747772538649,2075691
2023-10-09,3379.732421875,3417.4928872534488,3372.9047767375027,3385.9561336104794,4233074
2023-10-10,3370.95361328125,3388.6960545006336,3345.362079715791,3381.311194805018,1848148
2023-10-11,3353.30419921875,3390.553937299432,3348.7525873875215,3390.553937299432,2426417
2023-10-12,3290.74169921875,3333.56472449737,3286.6080554652567,3320.885072209126,4241281
2023-10-13,3317.030029296875,3322.742789618248,3274.439008499951,3279.0836028382487,2890357
2023-10-16,3273.556640625,3320.5598001135572,3268.958537503607,3312.5247424765194,1671104
2023-10-17,3257.76513671875,3282.9387033243615,3254.32818207953,3279.083780529412,1672065
2023-10-18,3239.372314453125,3272.302442885238,3236.353328139562,3261.434137513778,1408245
2023-10-19,3218.32421875,3238.0684358855883,3214.8317596869083,3231.223125172474,1514545
2023-10-20,3254.55322265625,3259.1632237474687,3207.521434458151,3213.43519615391,1481211
2023-10-23,3175.94921875,3240.0242499313185,3167.7071513441997,3234.4829267293885,1106272
2023-10-25,3157.276611328125,3189.7796767932823,3145.262414223449,3157.6490493920073,1518537
2023-10-26,3107.590576171875,3142.002899555925,3101.304148843139,3136.741018000601,1984471
2023-10-27,3120.81494140625,3131.1061000295,3107.8230386075074,3119.9302305469437,1108851
2023-10-30,3146.51904296875,3150.523774385437,3104.7957579126296,3119.9297454840075,910972
2023-10-31,3137.392578125,3165.5650829081633,3119.976893370138,3165.5650829081633,999811
2023-11-01,3101.9091796875,3140.0470177894435,3083.608783594488,3124.5869734096973,1563475
2023-11-02,3129.336669921875,3144.0979943996585,3113.5971840186144,3113.5971840186144,1245384
2023-11-03,3120.76806640625,3155.2269944023587,3114.6214751338234,3149.732283319998,1402598
2023-11-06,3148.102783203125,3159.3252644555632,3128.3121806905697,3143.213340229435,1099852
2023-11-07,3138.975830078125,3170.3613524077323,3134.8314904867043,3146.0073603280116,1191144
2023-11-08,3149.313720703125,3168.312609208247,3138.137850435721,3139.907272278595,992899
2023-11-09,3117.555419921875,3158.5802210317074,3112.526369431392,3157.276460496739,2112352
2023-11-10,3104.5166015625,3117.5551151320815,3094.179059370797,3108.7541639473407,1338557
2023-11-13,3102.74755859375,3125.518348524688,3098.509995691787,3125.518348524688,1030990
2023-11-15,3170.5009765625,3178.603436184404,3125.564669561065,3150.7569866293434,2059802
2023-11-16,3257.62646484375,3286.9631232989923,3179.7212020773018,3194.482754503449,3951984
2023-11-17,3261.91064453125,3282.4463523893537,3252.6906421657363,3257.626697192936,2021292
2023-11-20,3277.882568359375,3291.200297423911,3251.4794860942648,3251.4794860942648,1475621
2023-11-21,3269.127685546875,3295.996426442188,3260.5595653542873,3277.8822521093884,1807236
2023-11-22,3287.707763671875,3290.0360697315477,3242.026580680009,3259.6284835416786,1798051
2023-11-23,3267.312255859375,3300.6070362048386,3259.628845010422,3287.568520824797,2729804
2023-11-24,3219.6748046875,3263.8660077062705,3215.8562918450352,3254.273341378371,1989733
2023-11-28,3231.82861328125,3242.1663837595383,3197.2300740959413,3219.675036815199,1689195
2023-11-29,3272.434326171875,3276.3924466659996,3237.090683940245,3241.9335153053853,1441634
2023-11-30,3248.080322265625,3275.135057994798,3241.9335030426573,3259.1163570597796,3266235
2023-12-01,3270.478515625,3275.4145702734368,3250.3620863601263,3259.6286996171643,1172141
2023-12-04,3271.2236328125,3304.1459737662194,3257.766068313779,3301.212171500063,1625213
2023-12-05,3289.058349609375,3295.0187221482606,3262.236218437115,3295.0187221482606,1377656
2023-12-06,3356.579345703125,3364.728417171479,3283.051256098317,3289.989790276004,1896572
2023-12-07,3366.63720703125,3381.2125388172353,3345.030573119782,3357.417206346076,1967653
2023-12-08,3377.62744140625,3394.670689519725,3354.6704315335883,3383.494818936944,1641155
2023-12-11,3392.71435546875,3402.120802867414,3366.7305508802906,3374.0879070544743,1102503
2023-12-12,3419.90966796875,3444.403269429635,3381.6322197535496,3389.036188640435,2236866
2023-12-13,3346.753662109375,3399.326766210702,3318.301717262666,3393.319782194453,3850968
2023-12-14,3415.392578125,3425.4042954103893,3378.4657304357984,3380.7008135779533,3290396
2023-12-15,3595.836181640625,3628.385857623635,3414.8801739559026,3414.8801739559026,8531230
2023-12-18,3594.15966796875,3659.1660225226565,3567.1047044603515,3593.135349665333,2521612
2023-12-19,3554.11279296875,3590.341373765734,3529.7121895342984,3580.934925794031,2004435
2023-12-20,3520.4453125,3631.0398484080574,3507.872459996768,3564.403684666202,2586083
2023-12-21,3527.383544921875,3545.264889298634,3486.265752436792,3498.279720293807,1517562
2023-12-22,3561.376953125,3581.8194348785914,3503.6349627762156,3539.0252149254707,2413058
2023-12-26,3534.880859375,3570.6901609763127,3529.8515818790197,3557.5120396728166,1285231
2023-12-27,3549.456298828125,3555.9755563874555,3509.2232119367036,3538.094209699452,1293976
2023-12-28,3538.93212890625,3574.4156056228353,3531.6679956087487,3561.377091167723,1682889
2023-12-29,3532.87841796875,3560.073214846418,3506.8013899069297,3531.574657515115,1574996
2024-01-01,3549.363037109375,3568.8275851289145,3513.8795612451445,3529.71204270318,825907
2024-01-02,3523.37890625,3549.3629379884974,3508.5243592421702,3549.3629379884974,1344068
2024-01-03,3438.209716796875,3512.8087373367534,3433.83254667766,3508.29173242333,1803075
2024-01-04,3414.973388671875,3463.5883776999503,3400.2584476962943,3447.5230645740226,3598144
2024-01-05,3481.190673828125,3490.3642924356573,3422.470965489444,3422.610572930703,1963127
2024-01-08,3425.68359375,3482.9133158422196,3420.1886545813795,3481.1902782695042,1067805
2024-01-09,3436.48681640625,3494.648088677372,3429.8279514524115,3455.1598780853456,1370944
2024-01-10,3458.046875,3473.1342532438607,3434.7172021085626,3436.579847012092,1292227
2024-01-11,3479.00146484375,3513.879443530223,3452.4121646346503,3468.244645562298,1777909
2024-01-12,3616.13916015625,3637.0473054522495,3559.1422668706787,3583.7290906805597,6813450
2024-01-15,3635.696533203125,3692.6934202169923,3618.1876261142534,3688.036808085571,2801505
2024-01-16,3596.115478515625,3631.2262899610105,3590.760374343459,3631.2262899610105,1432672
2024-01-17,3617.815673828125,3641.424564080022,3550.7138385303956,3556.7208235117105,3458696
2024-01-18,3634.5791015625,3640.3532553051646,3596.7673189636566,3630.2949273227173,2239110
2024-01-19,3697.83447265625,3717.059591726697,3671.575773438078,3699.6631577031208,2941975
2024-01-23,3618.308349609375,3689.253641723034,3603.7722828902806,3657.461948675322,2618854
2024-01-24,3602.88134765625,3642.1285897607904,3568.9326446510017,3638.7056721419845,2657709
2024-01-25,3573.34033203125,3620.887291071968,3543.7054208683003,3601.0993927441014,2205154
2024-01-29,3564.618408203125,3582.436811190723,3545.7216145125103,3564.430891857951,1646747
2024-01-30,3564.196533203125,3608.5080891700763,3551.4891523141855,3570.6673355072853,1411621
2024-01-31,3578.638671875,3595.566200692752,3560.351363342525,3574.184071078628,2459358
2024-02-01,3614.462890625,3662.0567819751186,3568.4165242500367,3582.4367479301113,2363107
2024-02-02,3719.638427734375,3736.612663128637,3631.2028376276817,3634.063205902369,2826510
2024-02-05,3726.203125,3771.874458152277,3715.6996914451147,3735.2998425709893,1691523
2024-02-06,3878.785400390625,3891.8208786976347,3741.8650260054624,3748.4297014896824,4474396
2024-02-07,3829.455810546875,3896.6031428098927,3820.593545941405,3894.7275215618497,2124267
2024-02-08,3877.003662109375,3899.4172483124053,3831.941808049095,3835.6461148623707,2345173
2024-02-09,3876.62890625,3924.5039671299337,3845.02449733741,3879.3013008487114,2100596
2024-02-12,3864.43701171875,3900.9177589811775,3850.228812262782,3873.1584686878864,1013716
2024-02-13,3891.44580078125,3910.670921618945,3827.6746682464563,3868.891634867096,1257415
2024-02-14,3845.11767578125,3858.997090733716,3797.6643636034514,3851.5884779156377,1391283
2024-02-15,3848.02490234375,3888.444175657724,3829.0809437517446,3871.282423660838,1091582
2024-02-16,3871.56396484375,3889.992312550588,3845.1179762463685,3857.450096117476,1307556
2024-02-19,3848.58740234375,3871.5637647018066,3802.8224229354896,3866.640258482223,772291
2024-02-20,3779.98681640625,3843.148462143892,3760.6211159582745,3828.2373627684356,1193648
2024-02-21,3743.271240234375,3810.653027573639,3733.0491956484493,3763.434169375059,1885939
2024-02-22,3832.926025390625,3840.2877016688244,3724.0461165985157,3724.0461165985157,2982052
2024-02-23,3800.10302734375,3873.1583931027276,3794.757322908657,3873.1583931027276,2538072
2024-02-26,3752.2275390625,3798.1333269385277,3735.065557497388,3785.0039771663946,1379284
2024-02-27,3849.150390625,3867.531573098657,3750.305228133252,3750.305228133252,2960475
2024-02-28,3862.795654296875,3896.509674983892,3834.7080400231876,3840.8976823678586,1939225
2024-02-29,3840.4287109375,3880.7545712662445,3811.778548098447,3844.08608110517,3772719
2024-03-01,3839.725341796875,3882.5363087877504,3832.6448252006635,3851.776300908435,2043265
2024-03-04,3826.924072265625,3861.8105844645606,3822.4225351204777,3849.712918034811,1749271
2024-03-05,3762.590576171875,3811.2628621841086,3732.4867597177044,3809.387240696813,2070859
2024-03-06,3811.5439453125,3818.765041667535,3712.2765944807757,3745.662745858388,1744204
2024-03-07,3853.0888671875,3867.5310593858417,3786.5979557802916,3812.2002319116023,2688905
2024-03-11,3865.983642578125,3894.7274460641324,3834.7075672902088,3834.7075672902088,2304068
2024-03-12,3931.536376953125,3966.892018741981,3864.7640809504387,3865.9835094452415,4039801
2024-03-13,3890.9765625,3977.255146194866,3874.9399080779876,3943.493961270788,2837260
2024-03-14,3945.932373046875,3962.2501875616867,3831.8945009176455,3895.1500154804917,2919608
2024-03-15,3956.857666015625,3975.3794267322946,3917.2351652419898,3931.865103264559,3373143
2024-03-18,3894.25927734375,3990.1504299285543,3861.764225288072,3953.106903991148,1526904
2024-03-19,3729.954833984375,3805.636117588947,3719.920304502826,3799.305894869941,8931209
2024-03-20,3723.95263671875,3768.1236148774233,3713.9181074283624,3738.11367070717,1817913
2024-03-21,3725.875244140625,3759.1205900676036,3702.476911275549,3741.9118998530926,3829582
2024-03-22,3667.683837890625,3693.098599879169,3615.260310445454,3654.6483605203457,5852485
2024-03-26,3636.361083984375,3701.257540323518,3630.6872833100233,3634.0165571732955,3440925
2024-03-27,3602.037353515625,3652.7730085811854,3591.2525294851544,3646.677238477006,1968575
2024-03-28,3635.235595703125,3671.5288233376846,3601.661927465741,3610.6650016041267,4311783
2024-04-01,3673.169921875,3688.6907341711717,3646.254801582969,3655.304582916496,1569676
2024-04-02,3642.269287109375,3666.6993019354495,3632.140885633653,3648.0836677291272,2142666
2024-04-03,3701.820068359375,3733.4242418469757,3611.5088559037185,3611.5088559037185,3973090
2024-04-04,3754.337646484375,3778.1110105154908,3690.519582126367,3728.6414957560305,3394637
2024-04-05,3731.78369140625,3753.11888748076,3714.1997385975883,3730.6114278856726,1636819
2024-04-08,3725.499755859375,3781.8620387375217,3713.7301863711327,3735.299831392985,2302538
2024-04-09,3701.11669921875,3766.1070236289547,3680.953770065772,3736.237662579727,1876992
2024-04-10,3736.847412109375,3742.052307422326,3674.3424188992844,3710.3542591400274,2101965
2024-04-12,3752.5556640625,3763.76268515537,3700.1321372268762,3724.0463102085732,4354821
2024-04-15,3696.099853515625,3811.450581115032,3675.3274360228825,3752.5560174922475,4200329
2024-04-16,3631.953125,3684.376648663715,3622.6219548397376,3659.337150142385,3051420
2024-04-18,3621.824951171875,3691.2229435040135,3610.571222685582,3635.704595429841,3476284
2024-04-19,3588.251220703125,3612.9626239981167,3564.5245644253832,3599.3174326502835,2957749
2024-04-22,3624.262939453125,3636.8295099208426,3574.9340102677284,3598.3792752878476,1728883
2024-04-23,3633.73486328125,3652.7724651814333,3620.5118705508353,3635.9388098818245,1807586
2024-04-24,3592.7998046875,3655.586186600659,3586.6101623523527,3648.0837008405756,1317312
2024-04-25,3612.63427734375,3632.7502707587055,3573.9965228878514,3574.1840392334375,2856271
2024-04-26,3583.702880859375,3635.704436508526,3566.0719945433134,3615.4006982107267,2039178
2024-04-29,3629.514892578125,3636.6423454168485,3581.6865473099597,3599.3174341023114,1110693
2024-04-30,3583.04638671875,3640.3467125091584,3573.058794270598,3631.2030581143713,2203078
2024-05-02,3623.044189453125,3630.3591588386275,3543.095825813969,3543.095825813969,2491044
2024-05-03,3604.3818359375,3651.4601199418653,3561.4302856696127,3648.2244896065395,2962234
2024-05-06,3677.202880859375,3694.9274124213143,3613.384813638277,3613.384813638277,2053831
2024-05-07,3731.50146484375,3739.9886966193367,3670.1218064743666,3686.3459757492287,2062112
2024-05-08,3729.626220703125,3736.5192209369857,3693.66131770256,3714.6681858171114,1247685
2024-05-09,3713.91796875,3724.0463703208047,3666.886852709913,3715.6060738380834,1726486
2024-05-10,3651.74072265625,3726.4844130760093,3643.4412359506214,3716.168496140127,1672489
2024-05-13,3702.2890625,3709.041253630369,3629.327345524533,3642.925600436705,931326
2024-05-14,3658.587158203125,3700.413608162642,3650.803283386374,3691.2230172569975,1058317
2024-05-15,3639.080322265625,3682.7354534258484,3634.485141704623,3661.6816503123987,1115021
2024-05-16,3684.942138671875,3693.0187445265583,3630.67337116967,3675.637702384871,2599399
2024-05-17,3621.7939453125,3702.937300542508,3617.9208829280115,3701.992673680125,2765804
2024-05-21,3608.663818359375,3631.854456042576,3599.0759470919206,3618.4880769854944,1908117
2024-05-22,3619.810546875,3628.548346342274,3606.1607332910276,3622.644427783305,1311168
2024-05-23,3677.857421875,3688.7679082914883,3613.6700725144915,3628.2645114562283,2095742
2024-05-24,3636.341552734375,3668.742304212367,3631.429538571892,3663.4995783587715,1309452
2024-05-27,3634.027099609375,3691.9327769001197,3628.642772199506,3641.536837624862,1841538
2024-05-28,3627.272705078125,3655.706066734782,3617.9209911096164,3644.370544047232,1801993
2024-05-29,3593.0302734375,3635.774643725855,3589.582477254128,3635.774643725855,1568095
2024-05-30,3529.220458984375,3584.2920197241397,3509.7137762005277,3567.855604818015,2919230
2024-05-31,3467.677978515625,3542.1618998121,3451.430442400017,3532.904510318457,10956800
2024-06-03,3497.81201171875,3543.815298291685,3491.3412248298496,3526.103542889748,2156773
2024-06-04,3509.288818359375,3537.627624429572,3392.6274000370645,3495.1194153242764,3395997
2024-06-05,3538.99755859375,3574.2794671048623,3495.1196832887176,3510.2337143515874,2799670
2024-06-06,3618.298583984375,3627.2725390345563,3534.3213495003415,3571.634109972148,4328036
2024-06-07,3678.329833984375,3698.2142761529285,3624.8168128885063,3624.8168128885063,4552445
2024-06-10,3645.031982421875,3689.6183285403354,3629.1622034653205,3679.3219869872228,1734661
2024-06-11,3638.797119140625,3665.1048380918546,3628.311669035547,3632.0901763711736,1419898
2024-06-12,3619.479248046875,3677.9045088776033,3615.511861543188,3659.862044439457,2177001
2024-06-13,3663.404541015625,3674.598461482482,3638.7026410361236,3643.236896058969,1932323
2024-06-14,3619.857177734375,3673.6536279097,3616.0313930671978,3673.6536279097,1860730
2024-06-18,3603.845947265625,3629.2563169969253,3584.906133011182,3614.1895650327606,1774045
2024-06-19,3591.18798828125,3621.557881055292,3582.9225030243783,3615.7010098615556,1509050
2024-06-20,3577.5380859375,3598.981069597492,3570.736818650082,3585.8035709865335,2846526
2024-06-21,3599.736572265625,3663.073845227325,3587.7398580494246,3615.0867577407457,4642195
2024-06-24,3605.45166015625,3643.425611853127,3581.3636764636767,3597.8473681995324,1702154
2024-06-25,3625.903076171875,3634.5935975227003,3582.8752747763524,3605.6408753024607,1338808
2024-06-26,3642.33935546875,3652.82457462301,3628.3115551767237,3631.6177489916463,1639845
2024-06-27,3716.3037109375,3723.7191241208575,3606.679947095457,3618.865541478185,4526556
2024-06-28,3687.96484375,3740.722345851188,3682.013879060851,3700.8591386940006,2731571
2024-07-01,3757.914794921875,3780.1135277066987,3668.930984521538,3668.930984521538,2658723
2024-07-02,3794.944091796875,3800.61185331036,3762.023982045802,3772.462155624164,2307449
2024-07-03,3745.681884765625,3803.162524946505,3735.9994588608656,3797.4002085008037,1821198
2024-07-04,3798.29736328125,3823.2356509992096,3761.598747788845,3778.3658747158024,2518001
2024-07-05,3789.654052734375,3803.7761780539627,3767.171887521997,3787.953678275629,1668616
2024-07-08,3772.083740234375,3808.0268365618135,3757.772736278706,3799.289038549238,1758882
2024-07-09,3764.810302734375,3785.072502499781,3754.9862757638116,3764.3379893103715,1305801
2024-07-10,3692.68798828125,3781.6247453008073,3685.933998497865,3763.109966642414,2669716
2024-07-11,3706.432373046875,3759.6149115124776,3679.8884965924376,3713.3281952652137,4872189
2024-07-12,3952.272216796875,3967.3862483978237,3751.3971521774197,3759.6153607360716,13509164
2024-07-15,3938.3388671875,4005.218270796749,3926.861280742083,4001.156559406364,4848030
2024-07-16,3947.076171875,3962.284294879995,3915.3836649055647,3940.9831443093085,2029521
2024-07-18,4076.58447265625,4085.5113814437846,3929.6479414580676,3929.6479414580676,5613364
2024-07-19,4073.601806640625,4126.955252351664,4057.363922028097,4087.804118951557,3903354
2024-07-22,4059.3525390625,4090.2189918084346,4038.191000209214,4071.282574456926,1896386
2024-07-23,4073.5546875,4129.748596183281,4039.4215192139973,4055.2336119896318,2365208
2024-07-24,4077.24755859375,4108.350718063942,4041.1264332081723,4059.494666466346,1809793
2024-07-25,4092.63330078125,4112.043129044065,4046.902036678233,4066.5957262823526,2810342
2024-07-26,4154.5078125,4187.2679052166895,4106.4090376287495,4118.670552129421,3552210
2024-07-29,4148.1162109375,4195.362470831685,4138.553229520491,4180.213339815366,1746803
2024-07-30,4133.20458984375,4164.118198879963,4097.177778242139,4157.585227320139,1797906
2024-07-31,4152.14111328125,4179.267439518362,4113.936797622856,4118.670902108038,2330091
2024-08-01,4163.26611328125,4184.285259071731,4132.920227203137,4165.443616342355,2202244
2024-08-02,4055.28076171875,4164.11800080395,4042.9249348414887,4132.872913485503,2811282
2024-08-05,3934.087646484375,4013.5734389112836,3891.9069640587004,4013.5734389112836,2787771
2024-08-06,3949.37939453125,4031.7999662691227,3939.532087639672,3949.14268931395,2203067
2024-08-07,3977.073974609375,4019.207504026678,3957.995163908957,4003.1587050867174,1237666
2024-08-08,3950.657470703125,4006.9461596918663,3938.775053005237,3958.658292455504,2441283
2024-08-09,4003.868408203125,4027.44415336694,3981.901980990388,3992.74326394149,1302536
2024-08-12,3972.528564453125,4013.5733382592252,3963.7233160113306,4005.051951129163,936912
2024-08-13,3973.760009765625,4008.839537848005,3960.5516737879557,3988.956299705632,1495593
2024-08-14,4066.83203125,4077.1999039105713,3965.42743135513,3985.168737449799,3226545
2024-08-16,4181.2080078125,4191.575880991633,4095.0949293450403,4118.670675923561,3457058
2024-08-19,4251.2255859375,4255.249574521071,4156.87498137627,4185.894947757169,2055210
2024-08-20,4282.7548828125,4322.23750010525,4260.694140300903,4265.428244901237,2212298
2024-08-21,4309.45556640625,4317.503544504559,4253.640286316128,4277.737064489385,1896990
2024-08-22,4262.58740234375,4318.402675534502,4258.042847258311,4317.5030108146375,1829872
2024-08-23,4226.513671875,4266.374923745363,4218.087058430003,4260.6939984141445,1809253
2024-08-26,4263.01318359375,4310.069896517647,4246.490976918167,4250.278259840725,1844164
2024-08-27,4257.99609375,4270.162836423199,4248.196403646881,4265.42873128304,930697
2024-08-28,4266.421875,4319.8700965173775,4220.2643589002255,4259.510267771518,1848058
2024-08-29,4271.86572265625,4313.71538519979,4222.820592184166,4222.820592184166,2133641
2024-08-30,4311.5849609375,4348.037559564147,4249.141947974499,4260.693345971727,3637222
2024-09-02,4280.62451171875,4344.014356887433,4272.055967366194,4332.652505910395,1216500
2024-09-03,4272.38671875,4313.620577631577,4256.811332431798,4280.623781915076,1717263
2024-09-04,4241.04736328125,4248.3852249914535,4200.760320366018,4238.869860215786,1265505
2024-09-05,4237.9228515625,4259.746886626945,4217.281880213047,4242.704111797141,1688793
2024-09-06,4219.74365234375,4278.636091754635,4203.884403748528,4236.029155230157,1649179
2024-09-09,4212.9267578125,4251.462553433798,4194.890004562873,4218.0871166522065,1184938
2024-09-10,4268.12646484375,4298.5195066181295,4204.310831961278,4206.204473662924,1385591
2024-09-11,4241.14208984375,4307.419549702135,4233.4727484543055,4281.003340307267,1325919
2024-09-12,4277.45263671875,4291.5601745835365,4195.6469473824145,4270.398636628928,2742216
2024-09-13,4282.091796875,4305.194131685647,4265.427658509752,4289.098178257309,1458786
2024-09-16,4273.2392578125,4304.2947971775275,4255.43921052289,4286.258044672285,1155120
2024-09-17,4266.04296875,4294.589522896417,4228.501617164474,4273.238899164255,1699364
2024-09-18,4115.025390625,4257.900566019319,4091.2129384450927,4257.900566019319,2961779
2024-09-19,4067.68408203125,4187.031121100962,4054.0971111064046,4156.590462569691,2927551
2024-09-20,4057.032470703125,4100.397141985248,4002.685047675482,4087.330737178729,5447908
2024-09-23,4041.5048828125,4080.229763925027,4026.8291593303416,4071.3297402117255,1702319
2024-09-24,4044.155029296875,4062.8075818205225,4014.519726618274,4025.550095196614,3012026
2024-09-25,4047.42236328125,4061.4827451400292,4014.5203392742264,4026.21366904617,2713073
2024-09-26,4064.228271484375,4087.235831927587,4033.456595579135,4033.456595579135,3964251
2024-09-27,4079.5673828125,4145.181886032281,4071.37701220358,4104.468587471434,3012477
2024-09-30,4041.5048828125,4070.1462141244547,4033.504061536598,4058.926294354151,2503416
2024-10-01,4059.873291015625,4067.305927628493,4017.313968463482,4029.2435420878182,1823365
2024-10-03,4007.655517578125,4051.4459771346756,3986.115345580038,4035.918209344073,3350119
2024-10-04,4026.11865234375,4069.4357029274943,3999.4181214842306,4000.317786149061,2965463
2024-10-07,4045.6240234375,4068.7263623530516,4004.4844678804907,4046.618000517575,1472619
2024-10-08,4027.066162109375,4051.825437221579,3980.388074704301,4045.3872397570553,1541867
2024-10-09,4026.781982421875,4066.595614866151,4020.8643520160745,4033.456884593668,1082504
2024-10-10,4002.590576171875,4065.5070098395613,3975.322319205254,4027.0659888752402,2378875
2024-10-11,3928.549072265625,4016.36670200166,3893.753407653234,3922.6785983438544,5759183
2024-10-14,3916.66650390625,3943.887604227915,3902.985219568291,3919.8384463197513,2137590
2024-10-15,3897.871826171875,3948.1957233726384,3877.231316907688,3911.364023062213,2759474
2024-10-16,3877.183837890625,3896.167641402821,3850.909560357471,3867.7630170426546,2359151
2024-10-17,3890.48681640625,3910.3228978529323,3875.2902957519555,3894.0845506582914,2522659
2024-10-18,3913.3134765625,3935.2384902660306,3872.4535818662375,3881.944889664929,2361000
2024-10-21,3872.311279296875,3929.35413147785,3862.9622484885167,3922.3779276034525,1595450
2024-10-22,3811.234375,3881.75483326371,3802.5499216715493,3859.1654759681237,1928049
2024-10-23,3859.40283203125,3904.2965301967497,3791.919544419266,3796.143361546141,1966476
2024-10-24,3841.986083984375,3871.504141566946,3800.319338767848,3800.319338767848,2676744
2024-10-25,3851.1455078125,3883.8430156937015,3827.5595160672574,3850.670942439126,1759676
2024-10-28,3882.751220703125,3923.7061156513423,3844.9282715296536,3861.965120390014,1532534
2024-10-29,3867.945068359375,3894.7580119042254,3853.5658302619245,3887.497254393904,1445885
2024-10-30,3876.866455078125,3898.0796180034267,3853.517979890609,3867.7074369038137,1935002
2024-10-31,3766.577880859375,3870.839986500922,3758.557772361112,3862.962154926698,3740372
2024-11-01,3781.526611328125,3795.5262896074955,3773.791288560614,3786.889338989994,154895
2024-11-04,3762.496337890625,3788.834714578836,3714.1856783834955,3764.5371079100955,2269192
2024-11-05,3769.330322265625,3783.234994421101,3740.61911840681,3740.61911840681,967590
2024-11-06,3929.06884765625,3938.7024316660963,3773.031851752117,3799.9398000465167,3792017
2024-11-07,3939.74658203125,3991.8537654616457,3877.246463642715,3957.5905174928102,3724349
2024-11-08,3936.044921875,3957.6376448006463,3908.187843785678,3943.637967299403,1648039
2024-11-11,3985.115234375,4018.903916361986,3908.1879134815194,3918.201520379155,1406487
2024-11-12,3983.881103515625,4003.4332886046573,3952.51251928902,4001.5350272065516,1587640
2024-11-13,3939.22509765625,3983.2646739668166,3920.9065952008664,3965.563477283957,1098813
2024-11-14,3935.0009765625,3948.383812461554,3907.0493548019417,3924.6555443578186,1825432
2024-11-18,3815.031005859375,3998.687803877484,3787.2214288591285,3998.687803877484,3313944
2024-11-19,3834.061279296875,3921.950650276649,3809.9059473493503,3815.410720482754,1776233
2024-11-21,3865.6669921875,3884.2698145282143,3819.3018656674813,3839.1386042394874,2384347
2024-11-22,4028.68017578125,4038.5037710047804,3847.7757755401767,3863.910997095229,3096553
2024-11-25,4095.593994140625,4107.932693294498,4035.8937655385084,4062.2794137366227,4052167
2024-11-26,4131.28125,4144.47407361588,4090.7531850402665,4101.240893559863,2060669
2024-11-27,4112.15576171875,4154.724363536381,4104.088151292946,4137.2131813248125,1558993
2024-11-28,4028.96484375,4119.179995477792,4017.670281030027,4099.2955217974695,2558544
2024-11-29,4053.594970703125,4080.0283535687327,3982.220156194433,4005.3315815871606,2017425
2024-12-02,4059.099609375,4070.0623467391047,4014.87002722247,4052.7879830735096,1670944
2024-12-03,4083.8720703125,4104.990228133534,4048.469681005338,4094.882078988639,2010905
2024-12-04,4132.89501953125,4163.789504813234,4070.8692297125376,4094.122934068909,3302642
2024-12-05,4236.966796875,4260.647793669346,4138.209931031042,4176.934278953506,3746747
2024-12-06,4219.3603515625,4237.868399443609,4188.276322428843,4226.4788315167725,1842087
2024-12-09,4225.671875,4242.044378496654,4190.933600979431,4205.076018232145,2066639
2024-12-10,4207.0693359375,4265.20359458783,4187.659890094591,4200.994991803812,2087828
2024-12-11,4202.228515625,4222.349806544079,4182.818609222603,4206.404597631399,1635256
2024-12-12,4228.330078125,4256.851270827812,4200.852558457947,4204.696352489294,1914642
2024-12-13,4246.31640625,4266.248154048947,4170.860503868272,4209.348037802869,1967048
2024-12-16,4190.60205078125,4247.359881247422,4173.327686669254,4232.1737900519,1646224
2024-12-17,4108.31201171875,4207.44889332409,4098.346139910261,4185.666159565598,3225027
2024-12-18,4126.677734375,4140.107840205238,4071.3908747482337,4092.366754522636,1575404
2024-12-19,4054.591796875,4142.006836783481,4045.1954945855173,4064.178110702765,3015763
2024-12-20,3958.15966796875,4159.090827365295,3941.265326479778,4108.786899056221,4116989
2024-12-23,3946.77001953125,4002.484177211474,3905.5778396822147,3986.39622640784,2195338
2024-12-24,3966.891845703125,4003.4333784366027,3946.7700890546093,3946.7700890546093,1181886
2024-12-26,3957.02099609375,3986.3017716323247,3932.390868416551,3966.8918629397335,1208464
2024-12-27,3952.9873046875,3968.26840248144,3936.282510765729,3951.2313201079583,858100
2024-12-30,3947.244873046875,3985.6846693501766,3902.8257382512747,3939.841838395195,1527169
2024-12-31,3886.50048828125,3929.353878987766,3826.9425360658684,3924.655496583325,1555429
2025-01-01,3903.252685546875,3923.706266508262,3877.6259252343875,3886.1205985527304,763161
2025-01-02,3963.332763671875,3970.21396166903,3888.541445300585,3910.4187239006465,1720835
2025-01-03,3891.341064453125,3967.31925896288,3884.1278097948166,3967.31925896288,1791953
2025-01-06,3886.68994140625,3938.559837801436,3859.544712619001,3896.655813050881,2085593
2025-01-07,3823.383056640625,3929.7331926762554,3807.48511819948,3905.6253667734477,2669054
2025-01-08,3899.408447265625,3916.113240154538,3813.3698426153405,3829.6473413152235,2181277
2025-01-09,3833.396728515625,3927.2656647049257,3820.535960823577,3892.3851104960186,2392472
2025-01-10,4048.658935546875,4078.4142731653005,3957.8746844541083,3986.3486030473036,7894300
2025-01-13,4072.815185546875,4103.045093599212,4012.3553694421994,4029.060163870238,4003771
2025-01-14,4017.7177734375,4094.4550879803073,4004.4299428133863,4083.1605246383615,3441709
2025-01-15,4033.426513671875,4039.928152619784,3993.4207414215107,4003.433886414634,1653474
2025-01-16,3992.32861328125,4075.5675680381755,3978.6139515802215,4043.297121528325,2637705
2025-01-17,3986.52880859375,4021.6165011799776,3963.08887255939,4020.939695681563,1761466
2025-01-20,3941.58251953125,4007.3107665807174,3932.206591942462,4007.3107665807174,1287799
2025-01-21,3901.03369140625,3973.673232978695,3895.3790145716716,3958.497734138814,1971591
2025-01-22,4017.749755859375,4024.0807657149944,3909.1043123511595,3914.7106117823487,2409223
2025-01-23,4006.972412109375,4051.339039072567,4001.7524202557865,4028.7689459052554,1822998
2025-01-24,4013.642333984375,4038.4354105526413,3966.9073539751175,3966.9073539751175,1910099
2025-01-27,3929.354736328125,4017.5084152856,3906.0599315038703,3964.973867046099,1551782
2025-01-28,3905.335205078125,3964.974090445813,3893.7360609812577,3934.8163629909964,2468272
2025-01-29,3962.84716796875,3970.6285432095738,3918.5772926221866,3918.5772926221866,1217089
2025-01-30,3963.0888671875,3991.941831258984,3922.927021299046,3962.943972286711,1531251
2025-01-31,3975.026611328125,3990.540749832513,3948.7836420464023,3972.706876888982,1492943
2025-02-01,3937.08740234375,3997.741255116248,3920.510387972108,3975.6063179805924,437172
2025-02-03,3932.73779296875,3940.8089579536745,3865.1245003058734,3896.2488211358454,1265713
2025-02-04,3969.85498046875,3981.2610880254483,3930.2248097290194,3947.285122132378,2547132
2025-02-05,3954.43798828125,4011.3703550712034,3939.8423053663196,4011.3703550712034,1693912
2025-02-06,3946.366943359375,4001.221226388129,3916.209217331792,3968.2602324120217,2284536
2025-02-07,3894.799072265625,3953.374842814853,3874.1140268953372,3953.374842814853,1548940
2025-02-10,3902.096923828125,3916.644230568612,3880.2520112210996,3905.045086746592,1339511
2025-02-11,3831.148681640625,3905.044841909931,3822.8842449885587,3884.1662899452554,1810908
2025-02-12,3818.1962890625,3887.404606196338,3808.5303361658844,3838.446649169052,1678002
2025-02-13,3779.532470703125,3851.3505477933163,3771.896462322554,3835.4501025039126,2277310
2025-02-14,3803.40771484375,3816.1183489930536,3769.7217733214056,3793.886656483722,1681975
2025-02-17,3774.0712890625,3802.585849960782,3727.3846896150562,3727.674715397498,1799806
2025-02-18,3743.816650390625,3793.3062796669183,3735.4073189681676,3768.174803332807,2149879
2025-02-19,3657.693359375,3745.508400554833,3642.2759755929487,3742.850263486918,4366672
2025-02-20,3653.150146484375,3661.4629603766616,3625.988960412709,3635.848185178673,2888572
2025-02-21,3659.52978515625,3689.4942392872176,3648.8972369162293,3649.960586134303,1833931
2025-02-24,3552.817626953125,3637.491230016548,3547.4045991108223,3618.1109478843173,2508516
2025-02-25,3508.305908203125,3535.8054964280086,3500.283120267886,3503.907852529123,4101954
2025-02-27,3491.873779296875,3516.4735816470966,3480.419530987875,3491.0520789257853,3823856
2025-02-28,3366.89306640625,3479.743067268356,3341.5199398740847,3465.195760859545,7085018
2025-03-03,3376.36572265625,3405.5568531975428,3360.0301206751515,3368.584583379958,4990439
2025-03-04,3414.062744140625,3432.379676631615,3348.5759170238152,3357.951843598488,2797737
2025-03-05,3428.561767578125,3480.081342184221,3403.2370189380595,3403.2370189380595,2501894
2025-03-06,3481.289794921875,3488.87742658408,3417.977801534333,3438.179549305139,2786513
2025-03-07,3490.56884765625,3503.9079097926337,3454.998093954285,3479.743027656133,2051315
2025-03-10,3469.73876953125,3501.1049762137254,3462.9244613654673,3486.0259949428714,1004626
2025-03-11,3455.8681640625,3468.8688234276665,3419.4757100500633,3439.146018462038,1995450
2025-03-12,3389.076416015625,3450.020297279617,3370.3729384283747,3445.912267227522,3174167
2025-03-13,3393.764404296875,3406.5717917540665,3367.714708703622,3385.306695598729,1693004
2025-03-17,3380.860107421875,3412.516101378981,3361.1900359739784,3372.450776071524,2690906
2025-03-18,3380.860107421875,3380.860107421875,3380.860107421875,3380.860107421875,0
2025-03-19,3380.2802734375,3428.5132810234372,3347.0776328908673,3428.5132810234372,3051244
2025-03-20,3444.123779296875,3459.3960314822807,3394.68252652922,3394.68252652922,2845192
2025-03-21,3458.57470703125,3495.450223009194,3349.252685164703,3358.9186380800415,4161925
2025-03-24,3507.72607421875,3527.8313042718337,3447.458997008205,3479.743186623358,1834751
2025-03-25,3535.56396484375,3586.0685693582973,3516.473707634902,3523.2398747468987,3135390
2025-03-26,3514.34716796875,3557.553929809202,3504.7295921250025,3525.897934373459,1734499
2025-03-27,3529.23291015625,3540.6387825331667,3489.892526436254,3494.097310621218,2528474
2025-03-28,3485.6875,3538.656968927356,3471.9135171595426,3529.0393930182477,2051919
2025-04-01,3432.1865234375,3464.277439125219,3407.248318336048,3453.354865404157,2618493
2025-04-02,3425.565185546875,3445.0422214056125,3412.129605979645,3425.6135625063594,1764313
2025-04-03,3289.468505859375,3385.0165399960483,3282.7023391603534,3374.383992326158,4537821
2025-04-04,3189.184326171875,3286.085501586113,3185.414699028632,3250.2733357697866,5317367
2025-04-07,3164.681396484375,3181.4516833870694,2953.963620596823,2996.4454369330797,6623955
2025-04-08,3182.94970703125,3237.1274167268007,3146.5574911118592,3191.7458179951013,5557558
2025-04-09,3138.1484375,3160.766673429551,3104.7525222396634,3151.63239491897,2990265
2025-04-11,3123.552734375,3188.749540631033,3098.904554048043,3179.6636391398747,7108961
2025-04-15,3139.694580078125,3203.683137131328,3130.4154074577086,3203.683137131328,3512160
2025-04-16,3164.43994140625,3168.596348657385,3121.136422017699,3139.695005759879,2384391
2025-04-17,3188.700927734375,3193.244114128983,3110.5034675829284,3137.08483655699,2932346
2025-04-21,3210.642822265625,3241.960413439671,3174.3955010062373,3180.195072407739,2432946
2025-04-22,3203.683349609375,3222.531957851611,3184.931495290658,3211.6096198122023,2710498
2025-04-23,3298.989501953125,3306.6255098343104,3225.8182906392135,3252.5929311667933,3543923
2025-04-24,3287.970458984375,3298.5062526941524,3274.534643572778,3287.487161364933,2252175
2025-04-25,3332.820556640625,3361.625143451318,3291.256959211522,3305.7558885472554,2742991
2025-04-28,3328.470703125,3342.2930622298845,3291.2567864500143,3320.2546435993536,1593296
2025-04-29,3356.502197265625,3378.250591632357,3315.808440523134,3339.586779424834,1578332
2025-04-30,3338.330078125,3392.65268577439,3253.5597190937174,3356.0188189819924,2809332
2025-05-02,3316.38818359375,3374.867194117627,3305.7556362257724,3356.0185874198487,1721761
2025-05-05,3338.91015625,3387.4331925936117,3331.2739118706236,3334.7537493074506,1284443
2025-05-06,3344.419921875,3356.9856614658597,3322.1882287527096,3344.419921875,1324763
2025-05-07,3330.017578125,3343.936456116555,3306.335993163342,3306.335993163342,1477128
2025-05-08,3333.6904296875,3360.851851961966,3314.1652518601954,3332.820588313161,2543591
2025-05-09,3325.377685546875,3331.0805031274213,3284.5874131966707,3285.457254527544,2531757
2025-05-12,3499.461669921875,3509.224377237062,3385.2101480817496,3387.9166622272146,2228678
2025-05-13,3397.58251953125,3501.9748131612287,3393.232840630001,3499.461570957545,3062887
2025-05-14,3430.15673828125,3442.0459078220697,3391.396407841002,3403.3820953219624,2119499
2025-05-15,3460.314453125,3479.7431132346333,3396.712670565691,3444.945682102287,3548330
2025-05-16,3442.3359375,3473.84680313206,3427.6437359304055,3473.84680313206,1666727
2025-05-19,3401.255615234375,3431.413341631395,3386.659931697025,3431.413341631395,2537377
2025-05-20,3381.4404296875,3439.1461226598826,3377.2840226457647,3413.82137266364,2038374
2025-05-21,3408.021728515625,3418.8475485914832,3381.4403579795026,3390.8162851170264,1440153
2025-05-22,3360.8515625,3380.956790168703,3336.0101126719387,3378.2502763697153,2034383
2025-05-23,3397.196044921875,3416.9144952813326,3349.8328737001534,3360.851966080111,1274331
2025-05-26,3419.137451171875,3426.5801874567637,3392.8461073678304,3403.3819012793415,967470
2025-05-27,3381.826904296875,3421.747337093333,3366.7481593177404,3414.014574749619,2467680
2025-05-28,3380.860107421875,3411.114585484783,3376.31715701285,3402.4152283668,1222933
2025-05-29,3381.2470703125,3414.4978538154573,3370.034470581059,3387.626457620242,3188072
2025-05-30,3347.705810546875,3389.5594310198626,3337.750068509547,3373.417337946492,3404365
2025-06-02,3334.560302734375,3344.419526975246,3304.4025784742903,3334.7535745851437,1877585
2025-06-03,3291.4501953125,3357.468700034321,3286.9072447003623,3330.8873298742683,2848125
2025-06-04,3297.0087890625,3310.56402774214,3286.379348716646,3304.9078969735056,2544807
2025-06-05,3287.4521484375,3324.4116310325603,3280.2356236372652,3324.4116310325603,3584683
2025-06-06,3300.22705078125,3306.7607545858014,3275.359787909923,3287.4522468224686,2070390
2025-06-09,3336.991455078125,3348.791310023286,3306.760665733127,3315.634960419095,1718678
2025-06-10,3376.973876953125,3399.305794893864,3338.259013167141,3354.642197095073,2419874
2025-06-11,3385.750732421875,3402.4265208353168,3363.516665314218,3383.8979728571367,2847013
2025-06-12,3348.986328125,3388.4813919586536,3338.2592737504274,3385.750821410403,4060134
2025-06-13,3360.200927734375,3364.8818717382055,3309.003623498393,3309.003623498393,2178493
2025-06-16,3409.54541015625,3421.9302340050463,3341.1847251814343,3354.642349665819,1934088
2025-06-17,3428.073974609375,3432.6573046439225,3401.5489430536663,3422.905437301184,2111940
2025-06-18,3365.75927734375,3450.2105407013996,3357.665418209048,3431.7796073253016,2696327
2025-06-19,3339.03955078125,3365.3695939679014,3328.3124961496515,3364.3944071832107,2672768
2025-06-20,3350.448974609375,3360.786049100129,3326.2642962767654,3340.0145242959966,2351248
2025-06-23,3309.39404296875,3340.014813470841,3286.379539093937,3330.262945402313,3123421
2025-06-24,3306.27294921875,3356.690292940616,3298.081476031171,3349.376392565029,3403048
2025-06-25,3359.3232421875,3364.3941654870573,3315.634829755361,3322.7537403887272,1757699
2025-06-26,3356.397705078125,3365.759354753242,3330.555256962972,3359.3232652421043,2879106
2025-06-27,3355.71533203125,3380.387367158931,3345.8658502962735,3369.2703330730474,1778433
2025-06-30,3376.09619140625,3378.924137465807,3344.890218522079,3354.544471150048,1468351
2025-07-01,3344.59765625,3398.525526423559,3328.7996798986564,3369.2699264830403,2375183
2025-07-02,3338.356689453125,3403.3039810516498,3335.1385257152824,3400.671024568939,3090585
2025-07-03,3316.4150390625,3350.058980842342,3313.294489180619,3344.8904436190446,2531870
2025-07-04,3334.94384765625,3341.9651449605467,3305.9808474743313,3323.4365958638878,1109320
2025-07-07,3327.04443359375,3341.0872649943594,3323.826269850942,3333.480761079366,1639174
2025-07-08,3321.68115234375,3340.0147113686808,3309.1987139810713,3320.510975827842,2325242
2025-07-09,3299.837158203125,3329.287752096043,3283.4539722634377,3325.387004876247,2034938
2025-07-10,3298.08154296875,3314.659717489882,3272.7266878187834,3296.1311694956757,3035012
2025-07-11,3184.9599609375,3252.2478474361797,3180.181641042415,3218.0186968972475,7635550
2025-07-14,3142.734130859375,3190.8108827918168,3120.5974403831947,3184.9597625910983,3924009
2025-07-15,3171.599853515625,3178.523536457564,3126.448660244279,3126.448660244279,2590889
2025-07-16,3163.576171875,3175.1222359666176,3151.344969328223,3157.607249475903,2540733
2025-07-17,3140.18994140625,3172.2846643823304,3135.199754145851,3154.7696780470374,2947640
2025-07-18,3121.304931640625,3159.3685771406017,3118.46738821797,3155.6502438038765,3432645
2025-07-21,3090.28662109375,3128.839514334287,3084.2199924907163,3121.4028477301345,3844346
2025-07-22,3091.65673828125,3111.7159107005,3086.764257203384,3091.65673828125,3198036
2025-07-23,3110.7373046875,3113.5748480562365,3089.6996367952283,3091.6566291573,1922875
2025-07-24,3080.30615234375,3105.4534578423713,3072.478182452152,3097.0385335433134,2934778
2025-07-25,3068.368408203125,3089.014534530361,3058.3877948178133,3072.4780444334683,2568917
2025-07-28,3013.083251953125,3050.951005299135,3003.8852447797885,3043.123036074506,3374473
2025-07-29,2990.284423828125,3007.8973556438664,2975.802632112602,2994.1984086760676,4785312
2025-07-30,2987.93603515625,3003.0047807939304,2981.673516260727,2994.1983151611034,2880121
2025-07-31,2971.497314453125,2994.0027271024683,2950.166049468222,2976.2918502873677,2968371
2025-08-01,2938.424072265625,2971.4972914199097,2935.488583681943,2964.7455243430377,2053847
2025-08-04,3008.28857421875,3013.181055141491,2927.2692812506943,2944.392964480288,2519252
2025-08-05,2998.014404296875,3011.322048140622,2976.5854331255146,3008.2886143717656,1927996
2025-08-06,2967.093994140625,3000.8521121202134,2960.9294204705666,2997.1337788834585,1487081
2025-08-07,2981.47802734375,2985.9792055799644,2946.154217712285,2951.1446440658847,2543076
2025-08-08,2971.105712890625,2994.002666894786,2959.9509519667536,2982.5543093380406,2762140
2025-08-11,2975.411376953125,2984.3155492907413,2956.3307005130723,2971.1058502168585,1884215
2025-08-12,2970.127197265625,3029.8154640054736,2961.809979769089,2975.6068714078456,3358232
2025-08-13,2970.91015625,2978.9337774241835,2963.473728360306,2970.812449963036,2148166
2025-08-14,2957.30908203125,2990.1864106721328,2954.1779420022144,2968.757439673081,3342174
2025-08-18,2946.44775390625,2983.434958599791,2938.815435653507,2980.988718063058,2945609
2025-08-19,2951.34033203125,2959.9511467818434,2946.350144506624,2946.4478507969,2650784
2025-08-20,3031.96826171875,3036.664852119672,2946.1539583708727,2946.1539583708727,4952358
2025-08-21,3035.882568359375,3062.693270119804,3016.801891436903,3062.693270119804,3230726
2025-08-22,2988.327392578125,3029.1306363096523,2984.4134077810354,3019.639270954844,1593791
2025-08-25,3073.065185546875,3084.2199463957195,3010.9306783780526,3020.9112915939663,3448370
2025-08-26,3089.308349609375,3094.0051794435944,3052.9083364528824,3061.714802808035,5522097
2025-08-28,3027.173583984375,3078.8382300613293,3020.1284592672155,3077.3704857914763,3116051
2025-08-29,3018.3671875,3048.0156702082504,3011.028465982645,3026.4887537573413,2271789
2025-09-01,3045.667236328125,3063.7694152474464,3023.5531276055535,3023.5531276055535,1246862
2025-09-02,3044.5908203125,3087.1554035307527,3036.3715480748965,3053.98447906176,2185229
2025-09-03,3030.891845703125,3074.3369795089966,3021.5961322134785,3062.595025627338,1799774
2025-09-04,3029.130859375,3050.9513740037746,3024.336323201764,3048.9943814611165,1481391
2025-09-05,2982.75,3036.664997028233,2963.47367273015,3030.5006621101975,2802055
2025-09-08,2954.080078125,2998.9929589138555,2951.144589474992,2984.413460841752,2626187
2025-09-09,2983.826171875,2994.19832699537,2965.62628616296,2966.898378981974,2489301
2025-09-10,3043.123291015625,3055.550145422665,2987.740308555338,2990.675797260498,2079428
2025-09-11,3057.017822265625,3071.4996140027415,3043.221168990462,3071.4996140027415,2263446
2025-09-12,3066.02001953125,3080.991059765134,3053.8867617246956,3076.3921752202637,1447167
2025-09-15,3044.982177734375,3066.6070389449774,3029.4241839737238,3066.6070389449774,1732539
2025-09-16,3078.0556640625,3082.263245795216,3042.2428439695796,3060.7363278880744,2573429
2025-09-17,3104.57275390625,3113.966173979194,3074.8263264485827,3084.2199854121977,2418271
2025-09-18,3108.388916015625,3134.1234145595795,3093.4178759668794,3116.51048247651,2633138
2025-09-19,3101.050048828125,3112.107103450778,3076.3919928468,3101.8328935510035,4901694
2025-09-22,3007.70166015625,3040.089740964508,2999.090845838676,3028.445731768582,3634901
2025-09-23,2996.546630859375,3014.453158879609,2986.3703660594774,3003.983297445149,3177741
2025-09-24,2970.127197265625,2991.262810224855,2967.778901999341,2984.4133369924134,1625714
2025-09-25,2893.804443359375,2964.4520571099356,2887.5421635017433,2957.015390749667,4974361
2025-09-26,2836.758544921875,2891.260737711385,2829.126226471788,2877.7574418213358,3934636
2025-09-29,2833.82275390625,2866.3087778304835,2831.7678164651984,2853.2947314486933,3110035
2025-09-30,2826.288330078125,2852.610021207006,2823.0594837288886,2848.402439766557,2253458
2025-10-01,2851.53369140625,2861.9058470940704,2804.957413772581,2828.8326264436423,1952902
2025-10-03,2839.498046875,2861.1229086009284,2828.9304789544044,2861.1229086009284,2899519
2025-10-06,2924.137939453125,2929.22631078988,2833.3336834873367,2839.5959635916415,2112774
2025-10-07,2909.75390625,2939.891634958981,2891.9453243871753,2930.5959216848555,3062943
2025-10-08,2962.103515625,2977.5638026677234,2904.176590968716,2911.0260640606234,4121889
2025-10-09,2995.86181640625,3000.069397912704,2955.0585719818546,2968.757519004287,3211304
2025-10-10,2963.179931640625,3003.983173218589,2942.239970746985,2984.413250266025,8817365
2025-10-13,2942.533935546875,2970.2254277677166,2933.7274691163334,2961.908209472205,2866865
2025-10-14,2896.642333984375,2962.1036338769445,2891.9455044700007,2956.0370052457697,3611416
2025-10-15,2916.7763671875,2926.499513769408,2898.31197994854,2917.954894078994,4282226
2025-10-16,2917.66015625,2921.883430677564,2890.553079047838,2916.87439174088,3251495
2025-10-17,2909.311767578125,2935.4369375213087,2902.6331292681275,2916.972551528368,4374683
2025-10-20,2961.365478515625,2969.0262624451843,2925.320781572273,2932.1958010354274,3133039
2025-10-21,2953.017333984375,2977.669286180243,2942.508423286113,2976.981832168517,310644
2025-10-23,3018.330078125,3042.687339125331,2981.892616996725,3000.4550745732363,5564758
2025-10-24,3008.508544921875,3034.8300966289034,3003.6961270890743,3025.0086400055093,2684318
2025-10-27,3029.821044921875,3038.9550474990237,3005.5620951218402,3011.7496607245316,1946312
2025-10-28,3003.30322265625,3035.0265765381446,2985.919291823652,3021.0801556355614,3470737
2025-10-29,3003.0087890625,3021.080174034828,2991.714113509379,3003.3032409472494,2895420
2025-10-30,2981.106689453125,3009.0978400091353,2978.6513253692647,2994.6603471523654,2241536
2025-10-31,3003.4013671875,3012.6334402910475,2971.088871543434,2980.8120174669925,1868085
2025-11-03,2962.93701171875,3003.4013640895914,2956.2583734171585,2992.499451583931,2194877
2025-11-04,2936.81201171875,2975.214004338424,2922.8655907942766,2965.6872390451917,2670720
2025-11-06,2957.142333984375,2970.0085383136757,2936.61558517126,2936.7138956519902,2542721
2025-11-07,2938.383544921875,2950.3656744717186,2907.6423366423182,2947.419237380036,1830520
2025-11-10,2971.18701171875,2993.4816703122747,2938.579823663838,2939.5619693268272,1556656
2025-11-11,2992.597900390625,3001.142519888641,2964.1156755427983,2990.633609021809,2806868
2025-11-12,3075.8837890625,3080.4015151753365,3002.51755709654,3005.3656835637266,4460315
2025-11-13,3050.249755859375,3075.9819244274895,3046.61586484088,3075.8838537295965,1740435
2025-11-14,3050.54443359375,3057.517763723578,3022.356900982103,3034.830102963518,2210794
2025-11-17,3046.812255859375,3067.7320066302495,3031.4909272444793,3050.544457369475,2232853
2025-11-18,3031.98193359375,3049.5622448251693,3023.0443122614724,3046.6158078736476,2548350
2025-11-19,3091.499755859375,3098.6694669245953,3028.4460542827223,3041.705020306013,3151053
2025-11-20,3088.65185546875,3108.0000778660146,3082.0715272134535,3091.794673762747,2700767
2025-11-21,3094.34814453125,3113.4016740052466,3079.2229578295533,3088.6516518716926,4177037
2025-11-24,3085.115966796875,3122.1428110333977,3075.0981288018247,3101.616062202543,6703764
2025-11-25,3063.5087890625,3093.562543096727,3059.3838251197944,3089.142887490615,2737920
2025-11-26,3106.428466796875,3121.2589624366606,3061.348076121797,3063.115986297256,2508527
2025-11-27,3080.59814453125,3123.223169867727,3069.205159068128,3123.223169867727,2836233
2025-11-28,3081.48193359375,3091.1070087848907,3069.205113141185,3083.937297684263,1616690
2025-12-01,3077.455078125,3097.687374390369,3066.4550948216056,3081.8747335418534,1747647
2025-12-02,3079.714111328125,3087.8659682974553,3064.6872347092776,3075.0980746626374,2512003
2025-12-03,3123.22314453125,3154.5534946281955,3082.9551731709416,3083.9373188138757,3952112
2025-12-04,3171.544677734375,3191.9733551637537,3130.4909417024,3136.9731988901626,5025905
2025-12-05,3180.384033203125,3213.187842167148,3164.866083794654,3172.330486734928,5244013
2025-12-08,3178.71435546875,3201.6964674714213,3151.3125880977464,3185.0983021118977,2544725
2025-12-09,3151.01806640625,3175.964471029267,3124.401822284255,3172.330579931189,2734893
2025-12-10,3132.259033203125,3167.41989738469,3121.357359750894,3167.41989738469,1386849
2025-12-11,3134.91064453125,3151.1160479641035,3096.8035846478047,3147.7768486239356,1914362
2025-12-12,3163.0,3165.4553640739014,3128.8212841349605,3140.607031689688,1146554
2025-12-15,3172.52685546875,3180.384020730158,3140.2143592438706,3153.7680172761306,1562190
2025-12-16,3147.875244140625,3162.509118995985,3134.1252044928165,3162.509118995985,1734623
2025-12-17,3160.348388671875,3179.107227122374,3143.3572206041695,3143.3572206041695,1376350
2025-12-18,3222.2236328125,3229.09865265339,3163.4912725011322,3170.366292342023,2307422
2025-12-19,3223.402099609375,3258.661033366418,3220.259281411304,3240.09857605464,3902511
2025-12-22,3265.5361328125,3269.170263717588,3232.2414895890165,3250.9022578364156,2632816
2025-12-23,3250.902099609375,3260.625245626059,3234.6966963938,3260.625245626059,2365420
2025-12-24,3259.741455078125,3267.696930860065,3237.2504153109776,3245.107580613968,1367708
2025-12-26,3221.437744140625,3260.7235702886815,3213.384197736604,3253.9468611908032,1176664
2025-12-29,3193.446533203125,3229.294848891858,3184.9999848268185,3221.437683809396,2079473
2025-12-30,3188.83056640625,3209.160933545371,3181.6608551553877,3191.973384551631,2807593
2025-12-31,3148.955322265625,3188.0447669329633,3141.392848747715,3182.151893056932,3362634
2026-01-01,3169.77685546875,3176.3574233163417,3141.0982497161094,3157.59834501185,1255735
2026-01-02,3192.660888671875,3196.196709004467,3162.017991655493,3176.2591039024273,1184324
2026-01-05,3158.6787109375,3189.026915514335,3134.026759287417,3182.642968809425,2341703
2026-01-06,3197.669921875,3204.9377039238207,3147.7768738587542,3152.6876022111082,2912325
2026-01-07,3236.75927734375,3241.6700055592964,3165.651788913644,3185.0000101265678,1989442
2026-01-08,3146.6962890625,3228.2143763788763,3125.1873956711997,3228.2143763788763,4159336
2026-01-09,3150.52685546875,3172.0357492326657,3134.0267606372377,3134.0267606372377,1938673
2026-01-12,3181.75927734375,3193.937788002805,3117.6251157476318,3145.8126491306843,2228342
2026-01-13,3209.652099609375,3221.437847833155,3153.1787227037635,3187.0627488471305,5645341
2026-01-14,3135.5,3201.7948316366483,3126.1696162881753,3201.7948316366483,3539511
2026-01-15,3135.5,3135.5,3135.5,3135.5,0
2026-01-16,3206.699951171875,3221.89990234375,3171.0,3219.39990234375,4293470
2026-01-19,3163.60009765625,3220.0,3152.10009765625,3188.0,3387562
2026-01-20,3102.300048828125,3160.0,3091.10009765625,3151.60009765625,4499273
2026-01-21,3122.60009765625,3138.5,3082.0,3100.0,2015150
2026-01-22,3150.39990234375,3160.0,3122.300048828125,3150.0,2269827
2026-01-23,3162.5,3194.5,3152.0,3190.300048828125,2068857
2026-01-27,3158.0,3175.0,3130.0,3175.0,4279874
2026-01-28,3200.10009765625,3205.199951171875,3170.60009765625,3176.0,2751234
2026-01-29,3144.39990234375,3200.10009765625,3125.60009765625,3200.10009765625,2457641
2026-01-30,3123.89990234375,3141.0,3092.0,3141.0,3022068
2026-02-02,3169.60009765625,3198.0,3134.0,3198.0,2636272
2026-02-03,3225.300048828125,3350.0,3186.300048828125,3350.0,4366060
2026-02-04,2999.10009765625,3120.0,2986.0,3120.0,10852595
2026-02-05,2991.5,3029.699951171875,2972.300048828125,2990.0,3521545
2026-02-06,2929.300048828125,2985.0,2916.0,2976.60009765625,2669253
